01.01.2013;696715;08:06;15:33
01.01.2013;386596;07:30;15:32
01.01.2013;536686;08:17;14:07
01.01.2013;158496;08:07;14:15
01.01.2013;812053;07:40;14:33
01.01.2013;152957;08:52;14:24
01.01.2013;305985;08:56;14:06
01.01.2013;864370;07:36;15:30
01.01.2013;238974;08:29;15:25
01.01.2013;535891;08:23;14:27
01.01.2013;529959;08:48;14:31
01.01.2013;427196;08:48;15:54
01.01.2013;272095;08:50;14:08
01.01.2013;969501;07:38;14:35
01.01.2013;197163;08:09;14:59
01.01.2013;406991;08:00;15:58
01.01.2013;521059;07:51;14:15
01.01.2013;305544;08:58;15:01
01.01.2013;833037;07:59;14:13
01.01.2013;865138;08:17;14:37
01.01.2013;461661;08:45;14:49
01.01.2013;445014;08:48;15:12
01.01.2013;557090;07:13;14:13
01.01.2013;877159;07:54;14:19
01.01.2013;272747;08:57;14:35
01.01.2013;786911;08:34;14:43
01.01.2013;784016;08:05;15:51
01.01.2013;541058;07:23;15:06
01.01.2013;893789;08:04;15:29
01.01.2013;227206;07:36;15:47
01.01.2013;649718;07:39;14:06
01.01.2013;492658;08:26;15:22
01.01.2013;292224;08:09;15:24
01.01.2013;859620;08:46;14:59
01.01.2013;186379;08:41;15:10
01.01.2013;732553;07:53;15:48
01.01.2013;714540;08:17;14:44
01.01.2013;211576;07:35;15:19
01.01.2013;855399;08:46;15:49
01.01.2013;633931;08:05;15:17
01.01.2013;444917;07:34;14:40
01.01.2013;623693;08:20;14:07
01.01.2013;479362;08:23;15:34
01.01.2013;297550;07:50;15:21
01.01.2013;642532;07:27;15:05
01.01.2013;753613;07:03;15:29
01.01.2013;486204;08:56;15:31
01.01.2013;131213;08:54;14:41
01.01.2013;813735;07:57;14:51
01.01.2013;907303;08:01;14:53
01.01.2013;931211;08:14;14:34
01.01.2013;653152;08:28;15:09
01.01.2013;354796;08:45;15:08
01.01.2013;153001;07:51;14:05
01.01.2013;969114;07:23;15:59
01.01.2013;957688;07:04;15:09
01.01.2013;444799;08:29;14:56
01.01.2013;594114;07:57;15:38
01.01.2013;445302;07:35;14:17
01.01.2013;792963;07:29;15:10
01.01.2013;112924;08:21;15:12
01.01.2013;906901;07:34;15:35
01.01.2013;254980;08:34;15:01
01.01.2013;615098;08:36;14:44
01.01.2013;939106;08:35;15:58
01.01.2013;589141;07:55;14:45
01.01.2013;286809;08:04;14:12
01.01.2013;305786;08:48;14:31
01.01.2013;173943;07:40;14:30
01.01.2013;844608;08:34;15:47
01.01.2013;765955;07:39;14:56
01.01.2013;686643;07:07;15:18
01.01.2013;263352;08:32;15:53
01.01.2013;574691;08:48;14:57
01.01.2013;845065;08:59;14:04
01.01.2013;989604;07:41;15:14
01.01.2013;885837;07:24;15:41
01.01.2013;794012;08:44;15:29
01.01.2013;274605;07:20;14:41
01.01.2013;528730;08:23;14:04
01.01.2013;211734;08:17;15:43
01.01.2013;453143;07:00;15:10
01.01.2013;393498;07:16;14:27
01.01.2013;309202;08:45;15:51
01.01.2013;169893;07:50;15:16
01.01.2013;261317;07:25;15:38
01.01.2013;710135;07:14;14:27
01.01.2013;972697;08:25;14:08
01.01.2013;102953;08:34;15:10
01.01.2013;237539;07:14;14:49
01.01.2013;558142;07:45;15:57
01.01.2013;435839;08:26;15:29
01.01.2013;847313;08:11;14:02
01.01.2013;926737;08:51;14:01
01.01.2013;444939;07:07;14:44
01.01.2013;678107;08:43;14:26
01.01.2013;910705;08:42;14:51
01.01.2013;185704;08:40;15:24
01.01.2013;791838;08:56;14:34
02.01.2013;696715;08:38;14:56
02.01.2013;386596;07:59;15:48
02.01.2013;536686;08:53;15:17
02.01.2013;158496;07:57;14:50
02.01.2013;812053;08:10;15:36
02.01.2013;152957;07:59;15:53
02.01.2013;305985;07:31;14:30
02.01.2013;864370;07:08;15:28
02.01.2013;238974;08:17;14:08
02.01.2013;535891;07:52;15:49
02.01.2013;529959;08:43;14:32
02.01.2013;427196;07:38;15:49
02.01.2013;272095;07:11;15:05
02.01.2013;969501;08:02;15:46
02.01.2013;197163;07:18;15:14
02.01.2013;406991;07:46;14:49
02.01.2013;521059;08:00;14:35
02.01.2013;305544;08:48;14:58
02.01.2013;833037;07:24;15:10
02.01.2013;865138;08:13;14:38
02.01.2013;461661;07:00;15:20
02.01.2013;445014;08:22;14:27
02.01.2013;557090;08:31;14:16
02.01.2013;877159;07:48;15:16
02.01.2013;786911;07:34;15:53
02.01.2013;784016;07:01;15:14
02.01.2013;541058;08:33;15:54
02.01.2013;893789;08:16;14:02
02.01.2013;227206;08:07;14:43
02.01.2013;649718;08:01;15:29
02.01.2013;492658;07:52;14:15
02.01.2013;292224;07:46;14:43
02.01.2013;859620;07:24;15:12
02.01.2013;186379;08:05;15:09
02.01.2013;732553;08:45;14:23
02.01.2013;714540;08:55;15:32
02.01.2013;211576;07:05;14:42
02.01.2013;855399;08:14;14:25
02.01.2013;633931;07:13;15:50
02.01.2013;444917;08:20;14:47
02.01.2013;623693;07:49;15:32
02.01.2013;479362;08:55;15:36
02.01.2013;297550;07:01;14:30
02.01.2013;753613;07:19;14:47
02.01.2013;486204;07:03;15:27
02.01.2013;131213;07:02;14:02
02.01.2013;813735;07:54;14:10
02.01.2013;907303;08:57;14:19
02.01.2013;931211;07:21;15:53
02.01.2013;653152;08:42;14:20
02.01.2013;354796;08:43;15:27
02.01.2013;153001;08:22;15:46
02.01.2013;969114;08:46;15:07
02.01.2013;957688;07:00;14:54
02.01.2013;444799;07:55;14:59
02.01.2013;594114;08:38;15:45
02.01.2013;445302;08:00;15:17
02.01.2013;792963;08:37;14:24
02.01.2013;112924;08:02;15:21
02.01.2013;254980;08:08;15:40
02.01.2013;615098;08:16;15:55
02.01.2013;939106;07:53;14:08
02.01.2013;589141;07:25;15:16
02.01.2013;286809;07:38;15:07
02.01.2013;305786;08:23;14:47
02.01.2013;173943;07:48;14:50
02.01.2013;844608;07:06;14:35
02.01.2013;765955;07:15;14:11
02.01.2013;686643;08:33;15:11
02.01.2013;263352;08:29;14:33
02.01.2013;574691;07:57;15:22
02.01.2013;845065;07:50;14:53
02.01.2013;989604;08:29;14:53
02.01.2013;885837;08:38;15:14
02.01.2013;794012;07:16;15:21
02.01.2013;274605;07:31;14:59
02.01.2013;528730;08:30;15:00
02.01.2013;406048;07:26;15:31
02.01.2013;211734;08:05;15:00
02.01.2013;453143;07:38;14:56
02.01.2013;393498;08:27;14:45
02.01.2013;309202;08:51;15:59
02.01.2013;169893;08:27;15:28
02.01.2013;261317;07:22;15:36
02.01.2013;710135;07:04;15:05
02.01.2013;972697;07:39;15:55
02.01.2013;102953;08:31;14:06
02.01.2013;237539;08:48;14:14
02.01.2013;558142;08:46;15:34
02.01.2013;435839;07:10;14:45
02.01.2013;847313;08:02;14:50
02.01.2013;926737;08:34;14:33
02.01.2013;444939;08:02;14:04
02.01.2013;678107;08:05;15:32
02.01.2013;910705;07:19;15:22
02.01.2013;791838;08:22;14:23
03.01.2013;696715;07:27;14:59
03.01.2013;386596;08:02;15:56
03.01.2013;536686;07:05;15:33
03.01.2013;158496;07:59;15:25
03.01.2013;812053;08:13;15:47
03.01.2013;152957;07:40;14:10
03.01.2013;305985;08:02;15:05
03.01.2013;864370;08:19;15:39
03.01.2013;238974;07:59;14:30
03.01.2013;535891;07:05;15:37
03.01.2013;529959;08:59;14:58
03.01.2013;427196;07:26;15:35
03.01.2013;272095;07:19;15:49
03.01.2013;969501;07:58;14:52
03.01.2013;197163;08:14;15:08
03.01.2013;406991;07:46;14:26
03.01.2013;521059;07:08;15:10
03.01.2013;305544;07:07;14:52
03.01.2013;833037;07:37;15:40
03.01.2013;865138;08:54;15:23
03.01.2013;461661;07:59;15:24
03.01.2013;445014;08:08;15:40
03.01.2013;557090;08:58;14:45
03.01.2013;877159;07:21;14:58
03.01.2013;272747;07:55;15:53
03.01.2013;786911;08:09;15:54
03.01.2013;784016;07:36;14:37
03.01.2013;893789;08:29;15:41
03.01.2013;227206;08:00;15:20
03.01.2013;649718;08:43;15:15
03.01.2013;492658;08:30;14:12
03.01.2013;292224;08:59;15:57
03.01.2013;859620;08:19;14:12
03.01.2013;186379;07:08;14:03
03.01.2013;732553;07:15;15:22
03.01.2013;714540;07:24;15:44
03.01.2013;211576;07:32;15:26
03.01.2013;855399;08:00;15:16
03.01.2013;633931;08:02;15:45
03.01.2013;444917;08:59;15:48
03.01.2013;623693;07:07;14:21
03.01.2013;479362;07:20;14:43
03.01.2013;297550;07:00;15:06
03.01.2013;642532;08:32;15:44
03.01.2013;753613;07:39;14:49
03.01.2013;486204;08:50;14:09
03.01.2013;131213;07:47;14:40
03.01.2013;813735;08:38;14:25
03.01.2013;907303;07:27;14:04
03.01.2013;931211;07:54;14:44
03.01.2013;653152;08:08;14:48
03.01.2013;354796;08:14;15:57
03.01.2013;153001;07:23;15:48
03.01.2013;969114;08:02;14:41
03.01.2013;957688;08:16;15:28
03.01.2013;594114;08:34;14:35
03.01.2013;445302;08:07;15:20
03.01.2013;792963;08:04;14:25
03.01.2013;112924;07:45;14:34
03.01.2013;906901;08:17;14:37
03.01.2013;254980;07:30;14:21
03.01.2013;615098;07:08;14:49
03.01.2013;939106;07:49;15:33
03.01.2013;589141;07:25;15:01
03.01.2013;305786;07:19;15:52
03.01.2013;173943;08:54;14:10
03.01.2013;844608;08:15;14:53
03.01.2013;765955;07:43;15:14
03.01.2013;686643;08:40;15:59
03.01.2013;263352;08:44;14:36
03.01.2013;574691;07:46;15:04
03.01.2013;845065;08:31;14:17
03.01.2013;989604;07:23;15:12
03.01.2013;885837;08:43;14:02
03.01.2013;794012;07:33;15:43
03.01.2013;274605;07:10;15:42
03.01.2013;528730;08:39;15:41
03.01.2013;406048;07:46;15:21
03.01.2013;211734;08:10;15:23
03.01.2013;393498;07:04;15:39
03.01.2013;169893;07:52;15:10
03.01.2013;261317;08:00;14:38
03.01.2013;710135;07:28;15:42
03.01.2013;972697;07:53;14:33
03.01.2013;102953;08:17;15:47
03.01.2013;237539;08:44;14:16
03.01.2013;558142;07:05;15:36
03.01.2013;435839;07:50;14:48
03.01.2013;847313;07:44;15:55
03.01.2013;926737;07:15;14:08
03.01.2013;444939;07:11;15:40
03.01.2013;678107;07:51;14:09
03.01.2013;910705;08:49;14:46
03.01.2013;185704;07:19;14:48
03.01.2013;791838;07:21;14:49
04.01.2013;696715;07:58;15:25
04.01.2013;386596;07:27;15:58
04.01.2013;536686;07:25;14:29
04.01.2013;158496;07:27;15:22
04.01.2013;812053;07:56;15:40
04.01.2013;152957;07:15;14:10
04.01.2013;305985;07:43;15:51
04.01.2013;864370;07:27;15:32
04.01.2013;238974;08:04;15:08
04.01.2013;535891;08:40;15:29
04.01.2013;529959;08:11;15:08
04.01.2013;427196;07:45;15:24
04.01.2013;272095;07:35;14:41
04.01.2013;969501;08:20;14:46
04.01.2013;197163;08:28;14:28
04.01.2013;406991;07:40;15:57
04.01.2013;521059;08:52;14:38
04.01.2013;305544;08:44;14:56
04.01.2013;833037;07:33;15:36
04.01.2013;865138;07:30;15:08
04.01.2013;461661;07:06;15:56
04.01.2013;445014;08:29;14:23
04.01.2013;557090;08:42;14:53
04.01.2013;877159;07:09;15:58
04.01.2013;272747;07:33;15:47
04.01.2013;786911;07:30;14:16
04.01.2013;784016;07:20;14:05
04.01.2013;541058;07:21;15:40
04.01.2013;893789;08:46;14:03
04.01.2013;227206;07:27;14:24
04.01.2013;649718;08:42;15:16
04.01.2013;492658;08:09;14:16
04.01.2013;292224;07:11;15:02
04.01.2013;859620;08:54;15:34
04.01.2013;186379;08:52;15:46
04.01.2013;732553;08:59;14:40
04.01.2013;714540;07:53;15:50
04.01.2013;211576;07:00;15:09
04.01.2013;855399;08:17;14:20
04.01.2013;633931;07:32;14:26
04.01.2013;444917;08:46;15:32
04.01.2013;623693;08:52;14:24
04.01.2013;479362;07:30;15:09
04.01.2013;297550;07:14;14:18
04.01.2013;642532;07:46;15:03
04.01.2013;753613;07:18;15:42
04.01.2013;486204;08:58;15:14
04.01.2013;131213;08:53;15:29
04.01.2013;813735;08:58;15:40
04.01.2013;907303;07:56;15:08
04.01.2013;931211;08:13;14:25
04.01.2013;653152;07:01;15:44
04.01.2013;354796;07:33;15:02
04.01.2013;153001;07:21;15:41
04.01.2013;969114;08:41;14:30
04.01.2013;957688;08:32;14:41
04.01.2013;444799;07:16;14:58
04.01.2013;594114;07:55;14:45
04.01.2013;445302;07:27;14:01
04.01.2013;792963;08:20;15:01
04.01.2013;112924;08:53;15:35
04.01.2013;906901;07:29;14:16
04.01.2013;254980;08:54;14:05
04.01.2013;615098;08:08;14:54
04.01.2013;939106;07:32;14:11
04.01.2013;589141;08:13;15:45
04.01.2013;286809;07:49;15:24
04.01.2013;305786;08:10;15:05
04.01.2013;173943;07:11;14:30
04.01.2013;844608;08:29;14:35
04.01.2013;765955;08:07;15:24
04.01.2013;686643;07:01;14:57
04.01.2013;263352;08:19;14:30
04.01.2013;574691;07:34;15:21
04.01.2013;845065;07:28;15:35
04.01.2013;989604;07:48;15:31
04.01.2013;885837;07:07;14:12
04.01.2013;794012;08:26;15:30
04.01.2013;274605;08:41;15:19
04.01.2013;528730;07:20;15:01
04.01.2013;406048;08:21;15:16
04.01.2013;211734;07:36;15:00
04.01.2013;453143;08:50;14:05
04.01.2013;393498;08:20;14:59
04.01.2013;309202;07:34;14:29
04.01.2013;169893;08:54;14:18
04.01.2013;261317;08:22;14:13
04.01.2013;710135;08:57;15:19
04.01.2013;972697;08:51;15:06
04.01.2013;102953;08:02;14:40
04.01.2013;237539;08:44;15:08
04.01.2013;558142;08:46;14:29
04.01.2013;435839;07:06;15:58
04.01.2013;847313;08:43;14:38
04.01.2013;926737;07:57;15:47
04.01.2013;444939;08:30;15:17
04.01.2013;678107;07:25;15:55
04.01.2013;910705;07:35;15:09
04.01.2013;185704;08:10;15:02
04.01.2013;791838;08:10;15:41
05.01.2013;696715;07:47;15:48
05.01.2013;386596;07:45;14:54
05.01.2013;536686;08:43;14:11
05.01.2013;158496;07:20;14:13
05.01.2013;812053;07:30;15:52
05.01.2013;152957;07:00;15:01
05.01.2013;305985;07:24;14:31
05.01.2013;864370;07:18;15:10
05.01.2013;238974;08:55;14:36
05.01.2013;535891;07:12;15:46
05.01.2013;529959;07:00;15:27
05.01.2013;427196;08:17;14:49
05.01.2013;272095;08:27;15:41
05.01.2013;969501;07:41;14:45
05.01.2013;197163;08:36;14:46
05.01.2013;406991;08:03;14:32
05.01.2013;521059;08:48;14:46
05.01.2013;305544;08:07;15:24
05.01.2013;833037;07:45;14:07
05.01.2013;865138;07:53;14:03
05.01.2013;461661;08:54;15:24
05.01.2013;445014;07:23;15:17
05.01.2013;557090;08:08;15:30
05.01.2013;877159;07:35;14:31
05.01.2013;272747;08:12;14:28
05.01.2013;786911;07:41;15:09
05.01.2013;784016;08:31;15:42
05.01.2013;541058;07:40;14:52
05.01.2013;893789;07:43;14:56
05.01.2013;227206;08:09;15:51
05.01.2013;649718;08:58;15:02
05.01.2013;492658;08:18;15:47
05.01.2013;292224;07:07;14:23
05.01.2013;859620;08:10;14:24
05.01.2013;186379;08:28;15:07
05.01.2013;732553;07:51;14:45
05.01.2013;714540;08:26;14:47
05.01.2013;211576;07:23;15:44
05.01.2013;855399;08:20;15:13
05.01.2013;633931;07:36;15:28
05.01.2013;444917;08:47;15:50
05.01.2013;623693;08:04;14:42
05.01.2013;479362;08:10;15:32
05.01.2013;297550;08:21;14:37
05.01.2013;642532;07:09;14:17
05.01.2013;753613;07:58;15:59
05.01.2013;486204;08:59;14:09
05.01.2013;131213;07:11;15:04
05.01.2013;813735;08:45;14:20
05.01.2013;907303;07:50;15:54
05.01.2013;931211;07:55;15:23
05.01.2013;653152;08:10;15:13
05.01.2013;354796;08:01;14:09
05.01.2013;153001;07:03;15:58
05.01.2013;969114;08:54;15:25
05.01.2013;957688;08:59;14:46
05.01.2013;444799;07:53;15:41
05.01.2013;594114;08:52;15:21
05.01.2013;445302;08:47;15:29
05.01.2013;792963;08:49;14:00
05.01.2013;112924;08:56;15:11
05.01.2013;906901;07:00;15:13
05.01.2013;254980;07:45;14:39
05.01.2013;615098;08:44;15:46
05.01.2013;939106;08:51;14:51
05.01.2013;589141;08:20;14:31
05.01.2013;286809;07:49;14:37
05.01.2013;305786;08:59;15:15
05.01.2013;173943;08:42;15:04
05.01.2013;844608;08:46;15:28
05.01.2013;765955;08:07;14:30
05.01.2013;686643;07:50;14:58
05.01.2013;263352;08:13;14:10
05.01.2013;574691;07:31;14:28
05.01.2013;845065;07:58;15:29
05.01.2013;989604;08:58;15:17
05.01.2013;885837;08:02;15:45
05.01.2013;794012;08:35;14:14
05.01.2013;274605;07:49;15:19
05.01.2013;528730;07:13;14:54
05.01.2013;406048;07:51;15:35
05.01.2013;211734;07:36;15:47
05.01.2013;453143;08:45;15:52
05.01.2013;393498;07:42;14:40
05.01.2013;309202;07:27;14:38
05.01.2013;169893;07:25;14:15
05.01.2013;261317;07:58;14:19
05.01.2013;710135;08:24;15:46
05.01.2013;972697;07:16;15:36
05.01.2013;102953;08:13;15:45
05.01.2013;237539;07:21;15:30
05.01.2013;558142;07:44;15:39
05.01.2013;435839;07:02;14:04
05.01.2013;847313;07:27;14:15
05.01.2013;926737;07:29;14:09
05.01.2013;444939;07:54;15:25
05.01.2013;678107;07:52;15:25
05.01.2013;910705;07:30;15:41
05.01.2013;185704;07:23;15:57
05.01.2013;791838;08:00;14:28
06.01.2013;696715;08:31;15:50
06.01.2013;386596;08:36;14:05
06.01.2013;536686;07:43;15:37
06.01.2013;158496;08:50;15:32
06.01.2013;812053;08:27;15:03
06.01.2013;152957;07:06;15:44
06.01.2013;305985;08:07;14:53
06.01.2013;864370;07:56;15:36
06.01.2013;238974;07:35;14:46
06.01.2013;535891;07:07;15:50
06.01.2013;529959;08:19;15:40
06.01.2013;427196;08:57;14:26
06.01.2013;272095;07:01;15:48
06.01.2013;969501;07:32;15:02
06.01.2013;197163;07:22;15:11
06.01.2013;406991;08:21;15:56
06.01.2013;521059;07:23;14:19
06.01.2013;305544;08:32;14:03
06.01.2013;833037;08:42;15:51
06.01.2013;865138;07:53;15:08
06.01.2013;461661;07:36;15:27
06.01.2013;445014;07:54;14:36
06.01.2013;557090;08:19;14:04
06.01.2013;877159;08:06;15:20
06.01.2013;272747;08:27;14:15
06.01.2013;786911;07:19;15:20
06.01.2013;784016;08:43;15:42
06.01.2013;541058;07:17;14:00
06.01.2013;893789;07:20;15:04
06.01.2013;227206;08:58;15:32
06.01.2013;492658;08:04;15:16
06.01.2013;292224;07:10;15:30
06.01.2013;859620;08:10;15:33
06.01.2013;186379;07:31;15:24
06.01.2013;732553;08:18;15:51
06.01.2013;714540;07:14;15:29
06.01.2013;211576;08:05;14:09
06.01.2013;855399;07:52;15:40
06.01.2013;633931;07:27;15:44
06.01.2013;444917;08:00;14:02
06.01.2013;623693;08:55;15:45
06.01.2013;479362;07:17;14:51
06.01.2013;297550;07:03;15:15
06.01.2013;642532;07:53;15:25
06.01.2013;753613;07:23;14:43
06.01.2013;486204;08:27;15:41
06.01.2013;131213;08:43;15:10
06.01.2013;813735;07:04;14:16
06.01.2013;907303;07:22;15:22
06.01.2013;931211;08:05;14:19
06.01.2013;653152;07:11;15:47
06.01.2013;354796;08:06;15:11
06.01.2013;153001;08:45;15:35
06.01.2013;969114;07:35;14:14
06.01.2013;957688;08:24;15:44
06.01.2013;444799;07:13;14:28
06.01.2013;594114;07:11;14:06
06.01.2013;445302;08:09;14:56
06.01.2013;792963;08:26;15:24
06.01.2013;112924;08:20;14:44
06.01.2013;906901;07:53;15:28
06.01.2013;254980;07:17;15:23
06.01.2013;615098;07:31;15:41
06.01.2013;939106;07:19;14:42
06.01.2013;589141;07:43;14:05
06.01.2013;305786;07:37;15:29
06.01.2013;173943;07:24;14:10
06.01.2013;844608;08:41;15:17
06.01.2013;765955;08:20;14:28
06.01.2013;686643;07:40;15:45
06.01.2013;263352;08:35;14:57
06.01.2013;574691;07:58;14:43
06.01.2013;845065;07:04;15:06
06.01.2013;989604;08:18;14:58
06.01.2013;885837;07:37;14:36
06.01.2013;274605;08:19;15:17
06.01.2013;528730;08:12;15:34
06.01.2013;406048;07:43;15:34
06.01.2013;211734;07:06;15:45
06.01.2013;453143;07:03;14:37
06.01.2013;309202;07:38;14:00
06.01.2013;169893;07:22;14:40
06.01.2013;261317;07:05;15:41
06.01.2013;710135;07:26;15:37
06.01.2013;972697;07:05;14:18
06.01.2013;102953;08:03;15:30
06.01.2013;237539;08:28;15:12
06.01.2013;558142;07:40;15:16
06.01.2013;435839;08:17;14:12
06.01.2013;847313;07:36;15:00
06.01.2013;926737;07:35;15:24
06.01.2013;444939;08:04;14:07
06.01.2013;678107;08:03;15:02
06.01.2013;910705;08:42;14:48
06.01.2013;185704;08:21;14:56
06.01.2013;791838;08:27;14:38
07.01.2013;696715;07:46;15:43
07.01.2013;386596;07:28;15:05
07.01.2013;536686;08:20;14:04
07.01.2013;158496;08:57;15:47
07.01.2013;812053;07:14;15:31
07.01.2013;152957;07:30;14:22
07.01.2013;305985;08:56;14:06
07.01.2013;864370;07:38;15:13
07.01.2013;238974;08:45;14:03
07.01.2013;535891;08:22;14:40
07.01.2013;529959;08:24;15:42
07.01.2013;427196;07:36;15:04
07.01.2013;272095;07:59;15:43
07.01.2013;969501;08:14;14:24
07.01.2013;197163;07:02;15:44
07.01.2013;406991;07:10;14:55
07.01.2013;521059;07:42;15:18
07.01.2013;305544;07:39;14:58
07.01.2013;833037;07:10;14:33
07.01.2013;865138;08:00;14:44
07.01.2013;445014;08:09;14:57
07.01.2013;557090;07:25;15:29
07.01.2013;877159;07:21;15:49
07.01.2013;272747;07:44;15:56
07.01.2013;786911;07:23;14:34
07.01.2013;784016;07:58;14:04
07.01.2013;541058;07:36;15:58
07.01.2013;893789;08:32;14:16
07.01.2013;227206;08:55;15:13
07.01.2013;649718;08:58;14:57
07.01.2013;492658;07:01;15:32
07.01.2013;292224;08:42;14:08
07.01.2013;859620;08:03;14:07
07.01.2013;186379;08:48;15:48
07.01.2013;732553;08:05;14:24
07.01.2013;714540;08:16;14:55
07.01.2013;211576;07:02;14:28
07.01.2013;855399;08:36;15:18
07.01.2013;633931;07:54;14:12
07.01.2013;444917;08:41;14:14
07.01.2013;623693;08:51;14:16
07.01.2013;479362;07:20;15:05
07.01.2013;642532;07:10;15:40
07.01.2013;753613;07:34;14:44
07.01.2013;486204;07:53;15:14
07.01.2013;131213;08:47;14:22
07.01.2013;813735;08:51;14:02
07.01.2013;907303;07:44;15:14
07.01.2013;931211;08:50;14:36
07.01.2013;653152;08:54;14:37
07.01.2013;354796;07:45;14:44
07.01.2013;153001;07:09;15:12
07.01.2013;969114;07:42;14:29
07.01.2013;957688;08:49;15:17
07.01.2013;444799;07:34;14:25
07.01.2013;594114;07:19;15:16
07.01.2013;445302;08:00;15:56
07.01.2013;792963;08:16;15:54
07.01.2013;112924;07:03;15:45
07.01.2013;906901;07:58;15:18
07.01.2013;254980;08:42;14:39
07.01.2013;939106;07:56;15:21
07.01.2013;589141;08:15;14:54
07.01.2013;286809;08:39;15:25
07.01.2013;305786;08:50;14:43
07.01.2013;173943;08:41;15:20
07.01.2013;844608;08:53;14:01
07.01.2013;765955;08:10;15:14
07.01.2013;686643;07:42;15:33
07.01.2013;263352;08:53;15:46
07.01.2013;574691;08:56;15:04
07.01.2013;845065;08:51;14:31
07.01.2013;989604;08:21;14:46
07.01.2013;885837;07:15;15:20
07.01.2013;794012;07:17;14:22
07.01.2013;274605;08:33;15:46
07.01.2013;528730;07:37;15:12
07.01.2013;406048;08:01;15:47
07.01.2013;211734;07:26;14:05
07.01.2013;453143;07:42;15:16
07.01.2013;393498;08:32;15:01
07.01.2013;309202;08:32;15:52
07.01.2013;169893;08:15;15:44
07.01.2013;261317;07:34;15:55
07.01.2013;710135;07:18;14:56
07.01.2013;972697;08:24;14:48
07.01.2013;102953;07:24;14:17
07.01.2013;237539;08:51;15:31
07.01.2013;558142;07:33;14:47
07.01.2013;435839;08:22;14:01
07.01.2013;847313;08:52;15:58
07.01.2013;926737;08:42;15:44
07.01.2013;444939;07:21;14:51
07.01.2013;678107;07:12;14:31
07.01.2013;910705;07:49;15:26
07.01.2013;185704;07:12;15:48
07.01.2013;791838;08:49;14:46
08.01.2013;696715;07:50;14:47
08.01.2013;386596;08:35;15:29
08.01.2013;536686;07:53;15:09
08.01.2013;158496;08:01;15:00
08.01.2013;812053;08:27;15:07
08.01.2013;152957;08:01;14:53
08.01.2013;305985;07:35;14:21
08.01.2013;864370;07:41;15:16
08.01.2013;238974;07:26;14:40
08.01.2013;535891;08:54;14:49
08.01.2013;529959;08:59;14:45
08.01.2013;427196;07:52;15:14
08.01.2013;272095;07:14;14:06
08.01.2013;969501;07:46;14:45
08.01.2013;197163;08:31;15:19
08.01.2013;406991;08:20;15:07
08.01.2013;521059;07:54;14:21
08.01.2013;305544;08:36;14:28
08.01.2013;833037;08:06;14:09
08.01.2013;865138;07:09;14:32
08.01.2013;461661;07:23;15:32
08.01.2013;445014;08:09;14:21
08.01.2013;557090;08:48;14:24
08.01.2013;877159;07:41;15:45
08.01.2013;272747;08:15;14:10
08.01.2013;786911;08:07;14:58
08.01.2013;784016;07:55;15:43
08.01.2013;541058;07:40;14:39
08.01.2013;893789;08:17;15:06
08.01.2013;227206;07:27;14:59
08.01.2013;649718;08:24;15:11
08.01.2013;492658;07:29;15:03
08.01.2013;292224;07:50;14:13
08.01.2013;859620;07:04;14:04
08.01.2013;186379;08:42;15:00
08.01.2013;732553;07:01;14:37
08.01.2013;714540;07:18;15:35
08.01.2013;211576;08:30;14:09
08.01.2013;855399;07:50;15:21
08.01.2013;633931;07:49;15:59
08.01.2013;444917;08:38;15:48
08.01.2013;623693;07:37;15:45
08.01.2013;479362;07:53;14:04
08.01.2013;297550;08:19;15:01
08.01.2013;642532;08:54;14:20
08.01.2013;753613;08:52;14:20
08.01.2013;486204;07:07;15:11
08.01.2013;131213;08:55;15:57
08.01.2013;813735;08:52;15:20
08.01.2013;907303;08:59;15:39
08.01.2013;931211;08:57;14:56
08.01.2013;653152;08:58;15:29
08.01.2013;354796;08:16;14:11
08.01.2013;153001;07:34;15:01
08.01.2013;969114;07:16;15:42
08.01.2013;957688;07:49;15:48
08.01.2013;444799;08:15;14:59
08.01.2013;594114;08:57;14:29
08.01.2013;445302;07:17;14:22
08.01.2013;792963;07:37;14:27
08.01.2013;112924;08:58;14:17
08.01.2013;906901;07:41;15:38
08.01.2013;254980;08:27;15:24
08.01.2013;615098;07:43;15:41
08.01.2013;939106;08:33;15:33
08.01.2013;589141;07:11;15:27
08.01.2013;286809;08:46;14:11
08.01.2013;305786;08:58;15:40
08.01.2013;173943;08:57;15:34
08.01.2013;844608;07:35;14:17
08.01.2013;765955;07:16;15:45
08.01.2013;686643;08:05;15:11
08.01.2013;263352;07:02;14:51
08.01.2013;574691;08:28;14:29
08.01.2013;845065;08:14;15:43
08.01.2013;989604;08:40;14:55
08.01.2013;885837;07:20;14:09
08.01.2013;794012;08:53;15:37
08.01.2013;274605;07:36;14:52
08.01.2013;528730;08:04;14:51
08.01.2013;211734;08:13;14:03
08.01.2013;453143;07:59;14:58
08.01.2013;393498;08:54;15:48
08.01.2013;309202;07:03;15:13
08.01.2013;169893;08:10;15:55
08.01.2013;261317;07:58;15:16
08.01.2013;710135;07:08;14:07
08.01.2013;972697;08:20;14:26
08.01.2013;102953;07:47;15:41
08.01.2013;237539;07:50;14:18
08.01.2013;558142;07:50;14:41
08.01.2013;435839;08:28;14:04
08.01.2013;847313;08:11;15:35
08.01.2013;926737;07:38;14:51
08.01.2013;444939;07:03;14:02
08.01.2013;678107;07:46;15:48
08.01.2013;910705;08:34;15:28
08.01.2013;185704;07:24;14:43
08.01.2013;791838;08:52;14:32
09.01.2013;696715;08:24;15:56
09.01.2013;386596;07:07;15:29
09.01.2013;536686;08:27;15:10
09.01.2013;158496;07:05;15:51
09.01.2013;812053;08:05;15:59
09.01.2013;152957;08:29;14:08
09.01.2013;305985;08:08;15:25
09.01.2013;864370;08:43;15:36
09.01.2013;238974;07:14;15:32
09.01.2013;535891;07:32;15:16
09.01.2013;529959;08:39;15:55
09.01.2013;427196;07:40;14:06
09.01.2013;272095;08:05;15:43
09.01.2013;969501;08:49;14:05
09.01.2013;197163;07:22;15:04
09.01.2013;406991;08:56;15:21
09.01.2013;521059;07:57;15:48
09.01.2013;305544;07:29;14:12
09.01.2013;833037;07:24;14:15
09.01.2013;865138;08:56;15:04
09.01.2013;461661;08:40;14:25
09.01.2013;445014;07:57;14:20
09.01.2013;557090;08:31;15:20
09.01.2013;877159;08:50;15:33
09.01.2013;272747;08:05;15:12
09.01.2013;786911;08:53;14:20
09.01.2013;784016;07:36;14:05
09.01.2013;541058;08:04;15:49
09.01.2013;893789;07:55;14:50
09.01.2013;227206;08:15;14:20
09.01.2013;649718;08:46;15:02
09.01.2013;492658;08:13;15:11
09.01.2013;292224;08:08;15:19
09.01.2013;859620;08:06;14:43
09.01.2013;186379;08:24;15:49
09.01.2013;732553;07:41;15:10
09.01.2013;714540;07:36;14:46
09.01.2013;211576;07:51;14:44
09.01.2013;855399;08:29;14:25
09.01.2013;633931;07:53;14:31
09.01.2013;623693;07:47;15:05
09.01.2013;479362;07:32;14:08
09.01.2013;297550;08:52;15:45
09.01.2013;642532;08:26;14:41
09.01.2013;753613;07:19;15:23
09.01.2013;486204;07:35;15:31
09.01.2013;131213;07:11;15:23
09.01.2013;813735;08:49;14:44
09.01.2013;907303;08:17;15:42
09.01.2013;931211;08:31;14:29
09.01.2013;653152;07:41;14:55
09.01.2013;354796;08:59;15:22
09.01.2013;153001;08:58;14:33
09.01.2013;969114;08:07;14:55
09.01.2013;957688;07:58;15:14
09.01.2013;444799;07:42;14:53
09.01.2013;594114;08:54;15:03
09.01.2013;445302;08:08;14:06
09.01.2013;792963;08:44;14:17
09.01.2013;112924;07:17;14:45
09.01.2013;906901;08:55;15:05
09.01.2013;254980;07:30;15:46
09.01.2013;615098;07:21;14:03
09.01.2013;939106;07:05;15:48
09.01.2013;589141;08:32;14:57
09.01.2013;286809;07:13;14:48
09.01.2013;305786;08:28;14:17
09.01.2013;173943;08:22;14:10
09.01.2013;844608;08:43;14:04
09.01.2013;765955;08:17;14:13
09.01.2013;686643;07:02;14:18
09.01.2013;263352;07:43;15:53
09.01.2013;574691;07:10;15:32
09.01.2013;845065;07:03;14:02
09.01.2013;989604;08:09;14:42
09.01.2013;885837;07:11;14:33
09.01.2013;794012;07:35;15:10
09.01.2013;274605;07:40;14:56
09.01.2013;528730;08:53;14:43
09.01.2013;406048;07:12;15:10
09.01.2013;211734;07:00;14:49
09.01.2013;453143;07:20;15:40
09.01.2013;393498;08:51;15:38
09.01.2013;309202;08:49;15:22
09.01.2013;169893;07:08;15:14
09.01.2013;261317;07:48;14:05
09.01.2013;710135;08:12;15:04
09.01.2013;972697;07:49;14:08
09.01.2013;102953;08:00;15:25
09.01.2013;237539;08:36;14:33
09.01.2013;558142;08:08;15:04
09.01.2013;435839;07:58;14:02
09.01.2013;847313;07:06;14:38
09.01.2013;926737;08:16;14:20
09.01.2013;444939;07:08;14:25
09.01.2013;678107;07:16;15:46
09.01.2013;910705;07:29;14:27
09.01.2013;185704;07:11;15:18
09.01.2013;791838;08:32;15:52
10.01.2013;696715;07:21;15:05
10.01.2013;386596;08:43;14:24
10.01.2013;536686;08:02;15:23
10.01.2013;158496;07:35;15:09
10.01.2013;812053;07:15;14:58
10.01.2013;152957;07:37;14:49
10.01.2013;305985;07:37;15:57
10.01.2013;864370;07:07;15:56
10.01.2013;238974;08:17;14:40
10.01.2013;535891;08:56;14:26
10.01.2013;529959;07:07;14:31
10.01.2013;427196;08:09;14:04
10.01.2013;272095;07:07;15:03
10.01.2013;969501;07:03;15:46
10.01.2013;197163;07:26;15:28
10.01.2013;406991;07:00;14:25
10.01.2013;521059;08:31;14:28
10.01.2013;305544;08:17;14:29
10.01.2013;833037;07:51;15:31
10.01.2013;865138;07:32;15:54
10.01.2013;461661;07:36;14:13
10.01.2013;445014;08:06;15:43
10.01.2013;557090;08:06;14:25
10.01.2013;877159;08:24;14:21
10.01.2013;272747;08:51;15:54
10.01.2013;786911;08:08;15:57
10.01.2013;784016;08:28;15:14
10.01.2013;541058;07:23;15:17
10.01.2013;893789;08:29;14:50
10.01.2013;227206;07:30;15:53
10.01.2013;649718;08:14;15:01
10.01.2013;492658;07:35;15:18
10.01.2013;292224;07:14;15:08
10.01.2013;186379;07:53;15:19
10.01.2013;732553;08:19;14:51
10.01.2013;714540;08:59;14:33
10.01.2013;211576;08:37;15:58
10.01.2013;855399;08:36;14:24
10.01.2013;633931;08:14;15:13
10.01.2013;623693;07:34;15:10
10.01.2013;479362;07:43;14:19
10.01.2013;297550;08:47;14:23
10.01.2013;642532;08:28;14:15
10.01.2013;753613;07:14;15:41
10.01.2013;486204;08:09;15:13
10.01.2013;131213;08:02;14:55
10.01.2013;813735;08:00;14:16
10.01.2013;907303;07:17;15:02
10.01.2013;931211;07:43;15:35
10.01.2013;354796;07:33;14:08
10.01.2013;153001;08:52;15:27
10.01.2013;969114;08:43;14:47
10.01.2013;957688;08:29;15:19
10.01.2013;444799;08:25;14:02
10.01.2013;594114;08:13;14:55
10.01.2013;445302;08:42;14:13
10.01.2013;792963;08:39;15:49
10.01.2013;112924;08:43;15:19
10.01.2013;906901;07:57;14:13
10.01.2013;254980;07:23;14:27
10.01.2013;615098;07:04;15:09
10.01.2013;939106;08:14;14:17
10.01.2013;589141;07:41;14:03
10.01.2013;286809;08:11;14:07
10.01.2013;305786;07:20;15:41
10.01.2013;173943;08:28;15:28
10.01.2013;844608;08:21;14:47
10.01.2013;765955;07:49;15:45
10.01.2013;686643;08:22;15:12
10.01.2013;263352;07:09;14:24
10.01.2013;574691;08:03;15:30
10.01.2013;845065;07:18;14:43
10.01.2013;989604;08:39;14:52
10.01.2013;885837;07:34;15:35
10.01.2013;794012;07:48;15:36
10.01.2013;274605;07:01;14:27
10.01.2013;528730;07:36;14:18
10.01.2013;406048;07:52;14:04
10.01.2013;211734;07:17;15:18
10.01.2013;453143;08:28;15:38
10.01.2013;393498;07:33;15:48
10.01.2013;309202;08:51;14:24
10.01.2013;169893;08:45;14:28
10.01.2013;261317;07:54;15:02
10.01.2013;710135;07:20;14:33
10.01.2013;972697;07:25;14:15
10.01.2013;102953;07:04;14:05
10.01.2013;237539;08:57;15:58
10.01.2013;558142;08:07;14:41
10.01.2013;435839;07:54;14:48
10.01.2013;847313;08:26;14:26
10.01.2013;926737;07:41;15:28
10.01.2013;444939;07:20;14:36
10.01.2013;678107;08:18;15:29
10.01.2013;910705;08:00;14:47
10.01.2013;185704;07:07;14:33
10.01.2013;791838;07:21;14:39
11.01.2013;696715;07:47;14:17
11.01.2013;386596;07:02;14:39
11.01.2013;536686;08:27;14:49
11.01.2013;158496;07:40;14:15
11.01.2013;812053;07:25;15:02
11.01.2013;152957;07:52;14:30
11.01.2013;305985;07:09;14:55
11.01.2013;864370;07:09;14:43
11.01.2013;238974;07:21;14:04
11.01.2013;535891;08:44;15:41
11.01.2013;529959;08:08;15:58
11.01.2013;427196;08:10;14:13
11.01.2013;272095;07:41;15:40
11.01.2013;969501;08:18;15:13
11.01.2013;197163;08:49;14:47
11.01.2013;406991;08:18;15:51
11.01.2013;521059;08:47;15:05
11.01.2013;305544;07:58;15:03
11.01.2013;833037;07:00;15:54
11.01.2013;865138;07:51;15:31
11.01.2013;461661;08:17;14:44
11.01.2013;445014;08:10;15:06
11.01.2013;557090;08:42;14:45
11.01.2013;877159;08:42;15:26
11.01.2013;272747;07:14;15:50
11.01.2013;786911;07:30;14:23
11.01.2013;784016;08:07;15:40
11.01.2013;541058;08:26;14:13
11.01.2013;893789;08:27;15:46
11.01.2013;227206;08:17;15:16
11.01.2013;649718;07:24;14:29
11.01.2013;492658;08:29;14:36
11.01.2013;292224;08:19;15:24
11.01.2013;859620;07:42;15:19
11.01.2013;186379;07:07;15:09
11.01.2013;714540;07:29;14:16
11.01.2013;211576;08:32;14:36
11.01.2013;855399;07:57;15:17
11.01.2013;633931;07:58;14:40
11.01.2013;444917;08:38;14:29
11.01.2013;623693;07:43;14:28
11.01.2013;479362;07:44;14:46
11.01.2013;297550;07:38;15:56
11.01.2013;642532;07:39;15:42
11.01.2013;753613;07:58;15:21
11.01.2013;486204;07:26;15:52
11.01.2013;131213;08:01;15:53
11.01.2013;813735;07:22;14:19
11.01.2013;907303;07:40;15:07
11.01.2013;931211;08:52;14:04
11.01.2013;653152;07:37;15:45
11.01.2013;354796;08:38;14:57
11.01.2013;153001;07:01;15:46
11.01.2013;969114;08:08;14:19
11.01.2013;957688;08:49;14:08
11.01.2013;444799;07:19;15:35
11.01.2013;594114;07:58;15:09
11.01.2013;445302;07:12;14:54
11.01.2013;792963;07:37;15:54
11.01.2013;112924;07:40;14:00
11.01.2013;906901;08:35;14:09
11.01.2013;254980;08:23;15:38
11.01.2013;615098;08:53;15:38
11.01.2013;939106;08:23;15:57
11.01.2013;286809;07:30;14:20
11.01.2013;305786;08:27;14:12
11.01.2013;173943;08:38;14:12
11.01.2013;844608;08:08;14:32
11.01.2013;765955;07:46;15:07
11.01.2013;686643;08:10;15:45
11.01.2013;263352;08:41;15:22
11.01.2013;574691;08:15;15:29
11.01.2013;845065;07:25;14:27
11.01.2013;989604;08:23;14:26
11.01.2013;885837;08:45;14:43
11.01.2013;794012;08:53;15:11
11.01.2013;274605;08:35;15:19
11.01.2013;528730;08:40;14:56
11.01.2013;406048;08:34;14:06
11.01.2013;211734;07:33;14:29
11.01.2013;453143;08:33;14:30
11.01.2013;393498;07:44;14:38
11.01.2013;309202;07:59;15:41
11.01.2013;169893;07:00;15:29
11.01.2013;710135;07:55;14:43
11.01.2013;972697;07:57;15:00
11.01.2013;102953;07:45;15:27
11.01.2013;237539;08:44;14:09
11.01.2013;558142;08:19;15:50
11.01.2013;435839;08:36;14:13
11.01.2013;847313;08:08;15:12
11.01.2013;926737;08:12;15:54
11.01.2013;444939;08:21;15:33
11.01.2013;678107;08:12;14:09
11.01.2013;910705;08:41;14:00
11.01.2013;185704;07:16;15:13
11.01.2013;791838;07:15;15:43
12.01.2013;696715;08:35;15:41
12.01.2013;386596;08:22;14:40
12.01.2013;536686;08:37;14:10
12.01.2013;158496;07:06;14:54
12.01.2013;812053;07:25;14:27
12.01.2013;152957;07:52;15:41
12.01.2013;305985;07:52;14:30
12.01.2013;864370;08:10;15:27
12.01.2013;238974;08:43;15:40
12.01.2013;535891;08:40;15:57
12.01.2013;529959;07:43;15:41
12.01.2013;427196;07:40;15:40
12.01.2013;272095;07:20;14:09
12.01.2013;969501;08:57;14:13
12.01.2013;197163;08:46;14:50
12.01.2013;406991;07:20;15:12
12.01.2013;521059;08:30;15:56
12.01.2013;305544;08:03;14:16
12.01.2013;833037;07:32;15:37
12.01.2013;865138;07:03;15:05
12.01.2013;461661;08:54;14:02
12.01.2013;445014;07:38;15:01
12.01.2013;557090;08:15;15:25
12.01.2013;877159;07:07;14:56
12.01.2013;272747;07:21;14:30
12.01.2013;786911;07:20;15:46
12.01.2013;784016;07:38;15:23
12.01.2013;541058;07:30;15:25
12.01.2013;893789;08:09;15:28
12.01.2013;227206;07:54;15:55
12.01.2013;649718;07:31;14:23
12.01.2013;492658;07:21;14:24
12.01.2013;292224;07:48;15:44
12.01.2013;859620;08:32;14:25
12.01.2013;186379;08:17;15:48
12.01.2013;732553;07:36;15:33
12.01.2013;714540;08:22;14:42
12.01.2013;211576;08:03;14:13
12.01.2013;855399;08:03;14:43
12.01.2013;633931;07:40;15:40
12.01.2013;444917;07:32;15:28
12.01.2013;623693;08:37;15:12
12.01.2013;479362;08:56;15:54
12.01.2013;297550;08:54;14:33
12.01.2013;642532;07:07;14:01
12.01.2013;753613;08:21;14:07
12.01.2013;486204;08:06;14:53
12.01.2013;131213;07:13;15:28
12.01.2013;813735;07:43;15:54
12.01.2013;907303;07:48;15:42
12.01.2013;931211;08:09;14:59
12.01.2013;653152;07:34;15:55
12.01.2013;354796;07:26;14:56
12.01.2013;153001;07:54;15:52
12.01.2013;969114;08:12;15:44
12.01.2013;957688;08:34;15:14
12.01.2013;444799;07:50;14:42
12.01.2013;594114;08:43;14:12
12.01.2013;445302;08:54;14:28
12.01.2013;792963;08:25;15:20
12.01.2013;112924;07:41;14:52
12.01.2013;906901;08:08;14:05
12.01.2013;254980;07:50;14:22
12.01.2013;615098;07:08;14:57
12.01.2013;939106;07:05;14:24
12.01.2013;589141;08:59;14:22
12.01.2013;286809;08:23;14:02
12.01.2013;305786;07:26;14:03
12.01.2013;173943;07:39;14:50
12.01.2013;844608;08:55;15:59
12.01.2013;765955;07:56;14:55
12.01.2013;686643;08:07;14:07
12.01.2013;263352;07:45;14:37
12.01.2013;574691;07:53;14:01
12.01.2013;845065;08:12;15:19
12.01.2013;989604;08:55;14:08
12.01.2013;885837;08:39;14:11
12.01.2013;794012;08:32;14:11
12.01.2013;274605;07:24;14:12
12.01.2013;528730;07:56;15:44
12.01.2013;406048;07:32;15:43
12.01.2013;211734;07:51;14:50
12.01.2013;453143;07:28;15:23
12.01.2013;393498;08:52;14:55
12.01.2013;309202;07:50;15:58
12.01.2013;169893;08:43;15:02
12.01.2013;261317;07:15;15:09
12.01.2013;710135;07:03;14:44
12.01.2013;972697;07:16;14:57
12.01.2013;102953;08:13;14:21
12.01.2013;237539;08:32;15:12
12.01.2013;558142;08:48;14:16
12.01.2013;435839;07:34;15:12
12.01.2013;847313;07:44;14:09
12.01.2013;926737;07:16;14:02
12.01.2013;678107;07:57;15:51
12.01.2013;910705;08:24;14:09
12.01.2013;185704;07:17;15:01
12.01.2013;791838;08:22;14:48
13.01.2013;696715;08:28;15:15
13.01.2013;386596;07:52;14:20
13.01.2013;536686;07:02;14:22
13.01.2013;158496;07:14;15:18
13.01.2013;812053;07:49;14:48
13.01.2013;152957;07:01;15:47
13.01.2013;305985;08:16;14:29
13.01.2013;864370;07:39;15:52
13.01.2013;238974;08:50;15:48
13.01.2013;535891;08:38;15:39
13.01.2013;529959;08:48;14:29
13.01.2013;427196;07:00;15:13
13.01.2013;272095;08:12;14:37
13.01.2013;969501;07:07;15:56
13.01.2013;197163;07:33;14:21
13.01.2013;406991;08:53;14:14
13.01.2013;521059;08:33;14:20
13.01.2013;305544;08:18;14:38
13.01.2013;833037;07:10;15:36
13.01.2013;865138;08:06;15:30
13.01.2013;461661;07:11;14:06
13.01.2013;445014;08:34;14:59
13.01.2013;557090;07:40;15:06
13.01.2013;877159;08:45;14:08
13.01.2013;272747;08:40;15:35
13.01.2013;786911;07:04;14:09
13.01.2013;784016;07:30;15:16
13.01.2013;541058;07:28;14:04
13.01.2013;893789;08:20;15:41
13.01.2013;227206;07:58;15:35
13.01.2013;649718;08:36;15:50
13.01.2013;492658;08:58;14:09
13.01.2013;292224;07:09;14:03
13.01.2013;859620;08:40;14:56
13.01.2013;186379;07:59;14:44
13.01.2013;732553;08:04;14:01
13.01.2013;211576;08:33;14:39
13.01.2013;855399;07:11;14:23
13.01.2013;633931;07:59;15:31
13.01.2013;444917;08:02;14:45
13.01.2013;623693;07:50;15:16
13.01.2013;479362;07:46;14:31
13.01.2013;297550;07:10;15:38
13.01.2013;642532;08:24;15:57
13.01.2013;753613;07:23;15:57
13.01.2013;486204;07:21;14:45
13.01.2013;131213;08:41;15:51
13.01.2013;813735;07:50;14:07
13.01.2013;907303;08:17;14:11
13.01.2013;931211;08:57;15:54
13.01.2013;653152;07:05;15:32
13.01.2013;153001;07:44;14:44
13.01.2013;969114;07:12;15:10
13.01.2013;957688;08:34;14:39
13.01.2013;444799;08:49;14:34
13.01.2013;445302;08:18;15:50
13.01.2013;792963;07:00;15:21
13.01.2013;112924;07:42;15:20
13.01.2013;906901;07:30;15:34
13.01.2013;254980;07:54;14:42
13.01.2013;615098;08:12;15:23
13.01.2013;939106;07:56;15:12
13.01.2013;589141;08:45;15:37
13.01.2013;286809;08:34;15:30
13.01.2013;305786;08:42;15:56
13.01.2013;173943;07:21;15:54
13.01.2013;844608;08:38;14:52
13.01.2013;765955;07:39;15:18
13.01.2013;686643;08:50;14:10
13.01.2013;263352;07:12;14:43
13.01.2013;574691;07:13;14:19
13.01.2013;845065;08:00;14:07
13.01.2013;989604;07:35;14:27
13.01.2013;885837;07:46;14:04
13.01.2013;794012;08:10;15:41
13.01.2013;274605;08:28;14:57
13.01.2013;528730;08:54;14:50
13.01.2013;406048;07:29;14:05
13.01.2013;211734;07:59;14:03
13.01.2013;453143;08:32;15:04
13.01.2013;393498;07:18;14:44
13.01.2013;309202;07:16;15:18
13.01.2013;169893;07:54;15:57
13.01.2013;261317;08:43;14:29
13.01.2013;710135;08:14;14:36
13.01.2013;972697;07:27;15:27
13.01.2013;102953;07:08;15:58
13.01.2013;237539;07:16;15:34
13.01.2013;558142;07:57;15:22
13.01.2013;435839;08:01;15:19
13.01.2013;847313;08:32;15:55
13.01.2013;926737;08:57;14:04
13.01.2013;444939;07:29;14:10
13.01.2013;678107;07:08;15:17
13.01.2013;910705;07:49;15:12
13.01.2013;185704;08:08;14:26
13.01.2013;791838;08:04;15:32
14.01.2013;696715;08:08;15:26
14.01.2013;386596;08:24;14:59
14.01.2013;536686;08:59;15:26
14.01.2013;158496;07:39;14:26
14.01.2013;812053;08:32;14:19
14.01.2013;152957;07:42;14:36
14.01.2013;305985;08:36;14:02
14.01.2013;238974;08:36;15:28
14.01.2013;535891;07:33;14:23
14.01.2013;529959;08:03;14:27
14.01.2013;427196;08:18;15:07
14.01.2013;272095;07:16;15:08
14.01.2013;969501;07:38;14:05
14.01.2013;197163;07:53;14:42
14.01.2013;406991;07:16;14:31
14.01.2013;521059;08:38;14:28
14.01.2013;305544;07:07;15:11
14.01.2013;833037;07:16;14:16
14.01.2013;865138;08:46;14:16
14.01.2013;461661;08:53;14:03
14.01.2013;445014;08:25;15:15
14.01.2013;557090;07:09;15:40
14.01.2013;877159;08:00;14:44
14.01.2013;272747;07:34;14:00
14.01.2013;786911;07:57;15:21
14.01.2013;784016;08:33;14:25
14.01.2013;541058;07:30;15:02
14.01.2013;893789;08:18;15:35
14.01.2013;227206;07:52;14:59
14.01.2013;649718;08:34;15:11
14.01.2013;492658;07:43;14:43
14.01.2013;292224;07:41;15:05
14.01.2013;859620;07:04;14:21
14.01.2013;186379;07:22;14:47
14.01.2013;732553;08:09;14:30
14.01.2013;714540;07:40;15:56
14.01.2013;211576;07:43;15:39
14.01.2013;855399;07:20;14:15
14.01.2013;633931;08:09;14:58
14.01.2013;623693;08:21;14:51
14.01.2013;479362;08:18;15:52
14.01.2013;297550;07:54;14:23
14.01.2013;642532;07:42;14:12
14.01.2013;753613;07:13;14:28
14.01.2013;486204;08:04;15:56
14.01.2013;131213;07:38;15:50
14.01.2013;813735;08:39;14:14
14.01.2013;907303;07:30;15:05
14.01.2013;931211;08:12;14:25
14.01.2013;653152;08:29;15:00
14.01.2013;354796;07:16;14:29
14.01.2013;153001;07:31;14:22
14.01.2013;969114;08:57;14:05
14.01.2013;957688;08:08;14:03
14.01.2013;444799;08:44;14:55
14.01.2013;594114;08:58;15:01
14.01.2013;445302;07:48;14:48
14.01.2013;792963;08:58;14:25
14.01.2013;112924;07:40;15:56
14.01.2013;906901;08:12;15:36
14.01.2013;254980;07:13;15:44
14.01.2013;615098;08:26;15:03
14.01.2013;939106;07:31;14:27
14.01.2013;589141;07:47;14:24
14.01.2013;286809;08:28;15:44
14.01.2013;173943;07:45;14:19
14.01.2013;844608;08:09;15:50
14.01.2013;765955;07:07;14:17
14.01.2013;686643;08:03;15:22
14.01.2013;263352;07:51;14:55
14.01.2013;574691;08:52;14:47
14.01.2013;845065;08:30;14:31
14.01.2013;989604;07:57;15:05
14.01.2013;885837;08:54;14:08
14.01.2013;794012;08:48;14:42
14.01.2013;274605;08:16;14:17
14.01.2013;528730;08:03;15:33
14.01.2013;406048;07:24;14:30
14.01.2013;211734;08:30;15:07
14.01.2013;453143;07:05;15:02
14.01.2013;393498;08:01;15:07
14.01.2013;309202;08:24;15:08
14.01.2013;169893;07:59;14:22
14.01.2013;261317;08:22;14:16
14.01.2013;710135;07:18;15:22
14.01.2013;972697;08:43;14:14
14.01.2013;102953;08:54;15:52
14.01.2013;237539;08:38;15:09
14.01.2013;558142;08:20;14:00
14.01.2013;435839;08:29;14:20
14.01.2013;847313;07:45;15:58
14.01.2013;926737;07:39;14:17
14.01.2013;444939;08:59;15:28
14.01.2013;678107;07:40;14:50
14.01.2013;910705;07:32;15:46
14.01.2013;185704;07:41;15:26
14.01.2013;791838;08:01;14:20
15.01.2013;696715;07:38;14:25
15.01.2013;386596;08:24;14:00
15.01.2013;536686;07:02;15:06
15.01.2013;158496;08:03;14:12
15.01.2013;812053;07:43;14:57
15.01.2013;152957;07:40;14:40
15.01.2013;305985;08:49;15:14
15.01.2013;864370;07:24;15:01
15.01.2013;238974;08:59;14:07
15.01.2013;535891;07:39;14:57
15.01.2013;529959;08:20;15:31
15.01.2013;427196;07:15;15:30
15.01.2013;272095;08:45;15:06
15.01.2013;969501;08:26;14:38
15.01.2013;197163;08:43;15:42
15.01.2013;406991;08:19;15:24
15.01.2013;521059;07:15;14:49
15.01.2013;305544;07:11;15:54
15.01.2013;833037;07:39;15:16
15.01.2013;865138;08:22;14:11
15.01.2013;461661;07:24;14:59
15.01.2013;445014;08:44;14:51
15.01.2013;877159;08:54;14:57
15.01.2013;272747;08:48;15:59
15.01.2013;786911;08:33;15:48
15.01.2013;784016;08:45;15:12
15.01.2013;541058;08:24;15:43
15.01.2013;893789;07:15;14:52
15.01.2013;227206;07:32;15:58
15.01.2013;649718;07:57;14:27
15.01.2013;492658;07:05;15:51
15.01.2013;292224;07:14;15:42
15.01.2013;859620;08:46;15:34
15.01.2013;186379;08:37;15:27
15.01.2013;732553;07:08;15:45
15.01.2013;714540;07:16;15:15
15.01.2013;211576;07:24;15:52
15.01.2013;855399;08:58;14:17
15.01.2013;633931;08:49;14:34
15.01.2013;444917;07:28;15:01
15.01.2013;623693;07:10;15:30
15.01.2013;479362;08:27;14:35
15.01.2013;297550;07:07;15:32
15.01.2013;642532;07:34;14:23
15.01.2013;753613;07:39;14:14
15.01.2013;486204;07:37;15:51
15.01.2013;131213;07:15;15:41
15.01.2013;813735;08:24;14:46
15.01.2013;907303;08:45;14:52
15.01.2013;931211;07:44;15:02
15.01.2013;653152;08:15;15:48
15.01.2013;354796;07:55;15:20
15.01.2013;153001;08:21;14:21
15.01.2013;969114;07:35;14:50
15.01.2013;957688;08:34;14:46
15.01.2013;444799;07:08;15:39
15.01.2013;594114;08:02;14:35
15.01.2013;445302;07:58;14:51
15.01.2013;792963;08:43;14:18
15.01.2013;112924;08:50;14:11
15.01.2013;906901;07:00;15:30
15.01.2013;254980;07:30;14:34
15.01.2013;615098;08:00;14:41
15.01.2013;939106;07:23;14:51
15.01.2013;589141;07:41;15:16
15.01.2013;286809;08:12;15:00
15.01.2013;305786;07:08;15:23
15.01.2013;173943;08:47;14:28
15.01.2013;844608;07:20;15:38
15.01.2013;765955;08:57;14:22
15.01.2013;686643;07:48;15:41
15.01.2013;263352;08:50;14:58
15.01.2013;574691;07:27;15:17
15.01.2013;845065;07:18;15:47
15.01.2013;989604;07:46;15:10
15.01.2013;885837;08:57;15:22
15.01.2013;794012;07:04;15:34
15.01.2013;274605;08:03;15:46
15.01.2013;528730;07:49;14:44
15.01.2013;406048;07:25;15:35
15.01.2013;211734;07:19;14:05
15.01.2013;453143;07:31;15:32
15.01.2013;393498;07:41;15:35
15.01.2013;309202;07:43;15:31
15.01.2013;169893;07:43;14:43
15.01.2013;261317;08:12;15:18
15.01.2013;710135;08:50;14:42
15.01.2013;972697;08:07;15:16
15.01.2013;102953;07:31;14:33
15.01.2013;237539;08:12;15:42
15.01.2013;558142;07:10;14:17
15.01.2013;435839;07:58;14:15
15.01.2013;847313;08:11;15:03
15.01.2013;926737;07:28;15:56
15.01.2013;444939;08:05;14:56
15.01.2013;678107;07:26;15:36
15.01.2013;910705;07:48;15:03
15.01.2013;185704;07:54;14:06
15.01.2013;791838;07:03;14:50
16.01.2013;696715;07:23;14:39
16.01.2013;386596;08:13;15:37
16.01.2013;536686;07:34;14:23
16.01.2013;158496;07:18;15:23
16.01.2013;812053;07:27;15:54
16.01.2013;152957;07:47;14:22
16.01.2013;305985;08:23;14:06
16.01.2013;864370;07:53;14:33
16.01.2013;238974;08:05;15:04
16.01.2013;535891;08:34;14:38
16.01.2013;529959;07:32;14:26
16.01.2013;427196;07:44;15:19
16.01.2013;272095;07:37;15:13
16.01.2013;969501;07:32;15:09
16.01.2013;197163;08:18;14:21
16.01.2013;406991;08:33;14:26
16.01.2013;521059;08:46;15:46
16.01.2013;305544;07:38;15:16
16.01.2013;833037;08:12;14:13
16.01.2013;865138;07:57;15:59
16.01.2013;461661;07:17;14:21
16.01.2013;445014;07:46;15:45
16.01.2013;557090;07:37;15:20
16.01.2013;877159;07:01;15:30
16.01.2013;272747;08:43;14:53
16.01.2013;786911;07:42;14:49
16.01.2013;784016;08:53;14:23
16.01.2013;541058;07:53;15:00
16.01.2013;893789;08:13;15:19
16.01.2013;227206;07:09;15:21
16.01.2013;649718;08:23;15:21
16.01.2013;492658;07:27;15:08
16.01.2013;292224;07:33;15:35
16.01.2013;859620;08:51;14:05
16.01.2013;186379;08:00;14:03
16.01.2013;732553;07:52;14:43
16.01.2013;714540;08:47;14:42
16.01.2013;211576;08:59;14:30
16.01.2013;855399;07:58;14:59
16.01.2013;633931;07:25;15:57
16.01.2013;444917;07:45;14:03
16.01.2013;623693;08:29;15:58
16.01.2013;479362;08:30;14:52
16.01.2013;297550;07:18;15:28
16.01.2013;642532;07:47;14:55
16.01.2013;753613;08:05;14:21
16.01.2013;486204;08:31;14:31
16.01.2013;131213;08:52;15:02
16.01.2013;813735;07:34;15:28
16.01.2013;907303;08:58;14:52
16.01.2013;931211;08:04;14:21
16.01.2013;653152;07:28;15:15
16.01.2013;354796;08:59;15:58
16.01.2013;153001;07:20;14:27
16.01.2013;969114;07:52;15:30
16.01.2013;957688;08:17;14:13
16.01.2013;444799;07:30;15:54
16.01.2013;594114;08:30;15:07
16.01.2013;445302;08:52;14:23
16.01.2013;792963;08:17;15:50
16.01.2013;112924;07:40;15:38
16.01.2013;906901;07:07;14:36
16.01.2013;254980;08:45;15:18
16.01.2013;615098;07:40;14:57
16.01.2013;939106;08:53;14:14
16.01.2013;589141;07:54;15:30
16.01.2013;286809;07:19;14:58
16.01.2013;305786;08:46;14:20
16.01.2013;173943;07:08;15:37
16.01.2013;844608;08:54;14:43
16.01.2013;765955;07:36;14:01
16.01.2013;686643;08:00;15:46
16.01.2013;263352;08:25;15:18
16.01.2013;574691;07:49;15:52
16.01.2013;845065;07:43;14:58
16.01.2013;989604;07:40;15:39
16.01.2013;885837;07:06;15:31
16.01.2013;794012;07:49;15:13
16.01.2013;274605;08:50;14:00
16.01.2013;528730;08:24;15:17
16.01.2013;406048;07:57;15:26
16.01.2013;211734;08:35;14:24
16.01.2013;453143;07:47;15:00
16.01.2013;393498;07:00;14:10
16.01.2013;309202;08:51;15:47
16.01.2013;169893;08:06;14:43
16.01.2013;261317;07:32;15:49
16.01.2013;710135;08:21;14:54
16.01.2013;972697;08:35;15:42
16.01.2013;102953;07:10;14:58
16.01.2013;237539;08:39;14:21
16.01.2013;558142;07:45;14:13
16.01.2013;435839;07:10;15:12
16.01.2013;847313;08:22;14:02
16.01.2013;926737;07:13;14:39
16.01.2013;444939;07:42;15:54
16.01.2013;678107;08:16;14:26
16.01.2013;910705;07:46;15:35
16.01.2013;185704;08:41;14:34
16.01.2013;791838;07:58;15:50
17.01.2013;696715;07:57;15:52
17.01.2013;386596;07:49;14:09
17.01.2013;536686;07:52;14:35
17.01.2013;158496;08:35;15:02
17.01.2013;812053;08:02;15:29
17.01.2013;152957;08:09;14:53
17.01.2013;305985;07:45;15:22
17.01.2013;864370;08:19;15:31
17.01.2013;238974;08:09;14:16
17.01.2013;535891;07:05;15:47
17.01.2013;529959;07:42;15:58
17.01.2013;427196;07:39;15:30
17.01.2013;272095;07:19;14:41
17.01.2013;969501;07:41;15:57
17.01.2013;197163;08:40;14:57
17.01.2013;521059;08:22;14:45
17.01.2013;305544;08:36;14:12
17.01.2013;833037;07:28;15:26
17.01.2013;865138;07:51;15:30
17.01.2013;461661;07:16;15:15
17.01.2013;445014;07:44;14:05
17.01.2013;557090;07:46;14:04
17.01.2013;877159;08:37;15:27
17.01.2013;272747;07:30;14:01
17.01.2013;786911;07:00;14:10
17.01.2013;784016;07:39;15:56
17.01.2013;541058;08:17;14:53
17.01.2013;893789;08:05;14:44
17.01.2013;227206;08:59;14:59
17.01.2013;649718;07:47;15:08
17.01.2013;492658;08:18;15:52
17.01.2013;292224;07:10;15:59
17.01.2013;859620;07:34;15:09
17.01.2013;186379;07:26;14:06
17.01.2013;732553;07:08;14:19
17.01.2013;714540;08:57;15:38
17.01.2013;211576;07:28;15:49
17.01.2013;855399;07:17;15:47
17.01.2013;633931;08:53;14:00
17.01.2013;444917;07:28;15:29
17.01.2013;623693;08:33;14:29
17.01.2013;479362;07:32;15:27
17.01.2013;297550;07:30;14:41
17.01.2013;642532;08:34;15:35
17.01.2013;753613;08:10;14:14
17.01.2013;486204;08:47;15:15
17.01.2013;131213;07:01;15:03
17.01.2013;813735;07:33;15:56
17.01.2013;907303;08:49;15:39
17.01.2013;931211;08:19;15:03
17.01.2013;653152;08:04;15:34
17.01.2013;354796;07:45;14:20
17.01.2013;153001;07:46;14:16
17.01.2013;969114;08:50;14:51
17.01.2013;957688;08:09;15:07
17.01.2013;444799;08:08;15:49
17.01.2013;594114;08:06;15:32
17.01.2013;445302;08:08;14:16
17.01.2013;792963;07:27;15:15
17.01.2013;112924;08:09;15:38
17.01.2013;906901;07:14;15:37
17.01.2013;254980;08:08;14:09
17.01.2013;615098;07:05;15:18
17.01.2013;939106;08:30;15:47
17.01.2013;589141;08:49;15:51
17.01.2013;286809;07:05;14:07
17.01.2013;305786;07:27;14:07
17.01.2013;173943;07:34;15:51
17.01.2013;844608;08:04;14:11
17.01.2013;765955;08:34;14:14
17.01.2013;686643;07:29;14:56
17.01.2013;263352;07:05;15:22
17.01.2013;574691;07:02;15:30
17.01.2013;845065;07:36;15:52
17.01.2013;989604;08:14;14:19
17.01.2013;885837;08:42;14:43
17.01.2013;794012;07:48;14:45
17.01.2013;274605;07:21;14:39
17.01.2013;528730;07:16;14:57
17.01.2013;406048;07:17;15:40
17.01.2013;211734;08:39;15:45
17.01.2013;453143;08:02;14:03
17.01.2013;393498;08:42;14:02
17.01.2013;309202;08:28;14:15
17.01.2013;169893;07:53;15:46
17.01.2013;261317;07:30;14:11
17.01.2013;710135;08:00;14:41
17.01.2013;972697;07:46;15:57
17.01.2013;102953;08:18;14:03
17.01.2013;237539;08:35;15:49
17.01.2013;558142;08:59;14:48
17.01.2013;435839;08:27;15:49
17.01.2013;847313;08:25;15:22
17.01.2013;926737;07:19;15:13
17.01.2013;444939;07:47;15:19
17.01.2013;678107;08:15;14:44
17.01.2013;910705;08:11;15:29
17.01.2013;185704;07:09;15:37
17.01.2013;791838;07:44;15:17
18.01.2013;696715;08:44;15:07
18.01.2013;386596;08:24;14:25
18.01.2013;536686;08:43;15:37
18.01.2013;158496;08:45;15:43
18.01.2013;812053;07:29;14:13
18.01.2013;152957;08:34;14:15
18.01.2013;305985;07:37;14:17
18.01.2013;864370;07:33;14:24
18.01.2013;238974;08:21;14:24
18.01.2013;535891;08:53;15:51
18.01.2013;529959;08:18;15:56
18.01.2013;427196;07:13;15:38
18.01.2013;272095;07:14;15:13
18.01.2013;969501;08:51;14:13
18.01.2013;197163;08:08;14:03
18.01.2013;406991;07:41;14:20
18.01.2013;521059;07:39;14:40
18.01.2013;305544;08:00;15:56
18.01.2013;833037;07:08;14:55
18.01.2013;865138;08:31;14:17
18.01.2013;461661;08:49;15:26
18.01.2013;445014;07:13;14:28
18.01.2013;557090;07:46;14:25
18.01.2013;877159;08:18;15:33
18.01.2013;272747;07:17;15:29
18.01.2013;786911;08:33;14:41
18.01.2013;784016;08:53;14:32
18.01.2013;541058;08:41;15:46
18.01.2013;227206;08:59;14:56
18.01.2013;649718;07:01;15:54
18.01.2013;492658;08:49;15:03
18.01.2013;292224;08:12;14:28
18.01.2013;859620;07:40;14:18
18.01.2013;186379;07:38;14:36
18.01.2013;732553;08:48;15:51
18.01.2013;714540;07:01;15:52
18.01.2013;211576;08:16;14:33
18.01.2013;855399;08:01;15:17
18.01.2013;633931;08:06;15:22
18.01.2013;444917;07:15;14:03
18.01.2013;623693;07:43;15:15
18.01.2013;479362;08:26;14:53
18.01.2013;297550;07:45;14:50
18.01.2013;642532;07:58;15:56
18.01.2013;753613;07:45;14:40
18.01.2013;486204;07:39;14:11
18.01.2013;131213;08:53;14:25
18.01.2013;813735;08:21;15:15
18.01.2013;907303;08:14;14:50
18.01.2013;931211;08:18;15:36
18.01.2013;653152;08:06;14:59
18.01.2013;354796;08:00;15:52
18.01.2013;153001;08:28;14:54
18.01.2013;969114;08:57;15:19
18.01.2013;957688;08:17;15:42
18.01.2013;444799;08:59;14:20
18.01.2013;594114;07:32;14:47
18.01.2013;445302;07:17;14:40
18.01.2013;792963;08:49;15:27
18.01.2013;112924;08:47;14:01
18.01.2013;906901;07:13;15:34
18.01.2013;254980;07:44;15:31
18.01.2013;615098;07:43;14:30
18.01.2013;939106;07:15;15:47
18.01.2013;589141;08:13;15:16
18.01.2013;286809;08:27;14:09
18.01.2013;305786;08:36;15:29
18.01.2013;173943;07:05;14:19
18.01.2013;844608;07:09;15:51
18.01.2013;765955;07:10;14:54
18.01.2013;686643;08:00;15:49
18.01.2013;263352;08:07;15:48
18.01.2013;574691;08:08;15:39
18.01.2013;845065;07:19;14:26
18.01.2013;989604;07:03;14:39
18.01.2013;885837;07:44;15:23
18.01.2013;794012;07:23;15:33
18.01.2013;274605;08:54;14:50
18.01.2013;528730;08:07;14:39
18.01.2013;406048;08:25;15:36
18.01.2013;211734;08:15;15:21
18.01.2013;453143;07:37;14:32
18.01.2013;393498;08:39;15:44
18.01.2013;309202;08:15;14:57
18.01.2013;169893;08:18;15:50
18.01.2013;261317;07:04;14:55
18.01.2013;710135;07:01;14:01
18.01.2013;972697;07:50;14:16
18.01.2013;102953;08:07;15:52
18.01.2013;237539;07:57;14:19
18.01.2013;558142;07:37;15:45
18.01.2013;435839;07:40;14:04
18.01.2013;847313;07:42;15:13
18.01.2013;926737;07:44;14:17
18.01.2013;444939;08:24;15:32
18.01.2013;678107;08:01;15:06
18.01.2013;910705;08:07;15:10
18.01.2013;185704;08:58;15:05
18.01.2013;791838;08:41;14:30
19.01.2013;696715;08:23;15:25
19.01.2013;386596;07:08;14:30
19.01.2013;536686;07:07;15:56
19.01.2013;158496;08:00;15:23
19.01.2013;812053;08:17;15:18
19.01.2013;152957;08:40;14:18
19.01.2013;305985;08:47;15:42
19.01.2013;864370;07:02;14:26
19.01.2013;238974;07:39;14:00
19.01.2013;535891;08:29;15:14
19.01.2013;529959;08:30;15:04
19.01.2013;427196;07:09;14:08
19.01.2013;272095;07:33;14:14
19.01.2013;969501;07:19;15:48
19.01.2013;197163;08:47;15:05
19.01.2013;406991;07:24;15:44
19.01.2013;521059;07:02;15:58
19.01.2013;305544;08:37;15:32
19.01.2013;865138;07:56;15:54
19.01.2013;461661;07:55;14:45
19.01.2013;445014;08:57;14:31
19.01.2013;557090;08:37;15:05
19.01.2013;877159;07:05;15:40
19.01.2013;272747;08:19;15:40
19.01.2013;786911;08:13;15:10
19.01.2013;784016;07:47;15:18
19.01.2013;541058;08:52;14:35
19.01.2013;893789;07:31;14:57
19.01.2013;227206;08:16;14:03
19.01.2013;649718;07:35;15:44
19.01.2013;492658;07:31;15:52
19.01.2013;292224;08:22;14:49
19.01.2013;859620;07:39;14:34
19.01.2013;186379;07:44;14:44
19.01.2013;732553;07:40;14:10
19.01.2013;714540;08:21;14:28
19.01.2013;211576;07:54;15:11
19.01.2013;855399;07:41;15:19
19.01.2013;633931;08:04;14:38
19.01.2013;444917;07:40;14:07
19.01.2013;623693;07:06;15:21
19.01.2013;479362;08:11;15:52
19.01.2013;297550;07:23;15:02
19.01.2013;642532;07:58;15:56
19.01.2013;753613;07:08;14:16
19.01.2013;486204;08:33;14:01
19.01.2013;131213;08:01;15:42
19.01.2013;813735;08:15;14:30
19.01.2013;907303;07:31;14:10
19.01.2013;653152;08:33;15:20
19.01.2013;354796;07:59;14:23
19.01.2013;153001;08:46;15:55
19.01.2013;969114;08:26;14:06
19.01.2013;957688;08:38;15:41
19.01.2013;444799;07:20;14:51
19.01.2013;594114;07:13;14:39
19.01.2013;445302;07:43;14:21
19.01.2013;792963;08:43;14:07
19.01.2013;112924;07:00;15:49
19.01.2013;906901;08:35;14:43
19.01.2013;254980;07:14;15:05
19.01.2013;615098;07:59;15:52
19.01.2013;939106;08:49;14:47
19.01.2013;589141;07:26;15:25
19.01.2013;286809;07:30;14:41
19.01.2013;305786;08:24;15:26
19.01.2013;173943;08:37;14:12
19.01.2013;844608;08:11;15:39
19.01.2013;765955;08:14;15:14
19.01.2013;686643;08:45;15:08
19.01.2013;263352;08:47;14:36
19.01.2013;574691;08:21;14:04
19.01.2013;845065;08:31;14:59
19.01.2013;989604;08:40;14:57
19.01.2013;885837;08:33;14:06
19.01.2013;794012;07:28;14:50
19.01.2013;274605;07:45;15:48
19.01.2013;528730;08:19;14:03
19.01.2013;406048;08:24;14:54
19.01.2013;211734;08:01;15:17
19.01.2013;453143;08:04;15:58
19.01.2013;393498;08:00;15:50
19.01.2013;309202;07:08;15:30
19.01.2013;169893;08:57;15:32
19.01.2013;261317;08:12;15:11
19.01.2013;710135;07:33;15:49
19.01.2013;972697;07:07;15:46
19.01.2013;102953;08:13;14:43
19.01.2013;237539;07:36;15:02
19.01.2013;558142;07:07;14:52
19.01.2013;435839;07:16;14:19
19.01.2013;847313;07:25;14:45
19.01.2013;926737;08:33;14:49
19.01.2013;444939;08:30;15:27
19.01.2013;678107;08:56;15:00
19.01.2013;910705;08:21;15:03
19.01.2013;185704;07:11;14:22
19.01.2013;791838;07:07;14:02
20.01.2013;696715;08:11;14:40
20.01.2013;386596;07:38;14:34
20.01.2013;536686;08:39;15:08
20.01.2013;158496;08:12;15:54
20.01.2013;812053;08:10;14:41
20.01.2013;152957;07:34;14:17
20.01.2013;305985;08:37;15:44
20.01.2013;864370;08:36;14:07
20.01.2013;238974;07:20;14:32
20.01.2013;535891;08:00;15:36
20.01.2013;529959;08:39;14:05
20.01.2013;427196;07:37;14:54
20.01.2013;272095;07:47;14:38
20.01.2013;969501;08:42;15:53
20.01.2013;197163;07:07;15:28
20.01.2013;406991;08:14;15:41
20.01.2013;521059;08:34;15:42
20.01.2013;305544;07:38;14:09
20.01.2013;833037;08:11;14:24
20.01.2013;865138;08:33;15:13
20.01.2013;461661;07:24;15:37
20.01.2013;445014;07:39;14:39
20.01.2013;557090;07:06;15:55
20.01.2013;877159;08:19;14:58
20.01.2013;272747;07:15;14:06
20.01.2013;786911;08:44;15:33
20.01.2013;784016;08:56;15:33
20.01.2013;541058;08:44;14:54
20.01.2013;893789;07:13;15:33
20.01.2013;227206;07:25;14:17
20.01.2013;649718;07:35;15:41
20.01.2013;492658;08:23;15:02
20.01.2013;292224;08:53;14:08
20.01.2013;859620;07:31;14:03
20.01.2013;186379;07:06;14:42
20.01.2013;732553;08:35;15:15
20.01.2013;714540;08:39;15:49
20.01.2013;211576;07:57;15:44
20.01.2013;855399;08:14;15:26
20.01.2013;633931;07:26;14:41
20.01.2013;444917;08:27;14:36
20.01.2013;623693;08:24;14:45
20.01.2013;479362;08:05;15:54
20.01.2013;297550;08:44;15:23
20.01.2013;642532;07:50;14:09
20.01.2013;753613;08:35;14:10
20.01.2013;486204;08:01;14:55
20.01.2013;813735;08:18;14:59
20.01.2013;907303;08:47;14:17
20.01.2013;931211;07:29;15:01
20.01.2013;653152;08:44;14:20
20.01.2013;354796;08:44;14:05
20.01.2013;153001;08:37;14:13
20.01.2013;969114;07:53;14:52
20.01.2013;957688;07:19;14:41
20.01.2013;444799;07:02;14:43
20.01.2013;594114;08:04;14:48
20.01.2013;445302;08:11;15:59
20.01.2013;792963;07:37;15:50
20.01.2013;112924;07:46;14:46
20.01.2013;906901;08:51;15:02
20.01.2013;254980;08:29;14:17
20.01.2013;615098;07:26;14:12
20.01.2013;939106;08:08;15:21
20.01.2013;589141;08:19;15:08
20.01.2013;286809;08:00;15:56
20.01.2013;305786;07:11;14:13
20.01.2013;173943;07:56;15:54
20.01.2013;844608;07:08;14:23
20.01.2013;765955;07:03;14:53
20.01.2013;686643;07:36;14:55
20.01.2013;263352;08:02;14:45
20.01.2013;574691;07:53;14:50
20.01.2013;845065;08:02;15:43
20.01.2013;989604;07:38;14:02
20.01.2013;885837;07:05;14:10
20.01.2013;794012;08:59;14:03
20.01.2013;274605;08:58;15:10
20.01.2013;528730;08:01;14:22
20.01.2013;406048;08:48;15:50
20.01.2013;211734;07:52;14:07
20.01.2013;453143;08:29;14:08
20.01.2013;393498;07:31;14:01
20.01.2013;309202;08:49;15:50
20.01.2013;169893;08:04;15:19
20.01.2013;261317;07:55;14:47
20.01.2013;710135;08:38;14:32
20.01.2013;972697;08:17;14:30
20.01.2013;102953;08:08;14:35
20.01.2013;237539;07:54;14:39
20.01.2013;558142;07:30;15:37
20.01.2013;435839;07:48;15:03
20.01.2013;847313;08:50;14:59
20.01.2013;926737;07:33;14:56
20.01.2013;444939;08:08;15:55
20.01.2013;678107;07:36;15:20
20.01.2013;910705;07:28;14:21
20.01.2013;185704;08:50;15:36
20.01.2013;791838;07:18;15:55
21.01.2013;696715;08:23;14:17
21.01.2013;386596;08:42;15:40
21.01.2013;536686;08:14;14:03
21.01.2013;158496;08:23;15:20
21.01.2013;812053;07:43;14:58
21.01.2013;152957;08:05;14:39
21.01.2013;305985;07:16;15:05
21.01.2013;864370;08:10;14:10
21.01.2013;238974;07:48;14:09
21.01.2013;535891;07:28;15:13
21.01.2013;529959;08:44;15:52
21.01.2013;427196;08:17;14:57
21.01.2013;272095;08:33;14:47
21.01.2013;969501;08:35;15:00
21.01.2013;406991;07:20;14:21
21.01.2013;521059;07:46;15:47
21.01.2013;305544;08:10;15:28
21.01.2013;833037;08:52;15:38
21.01.2013;865138;07:39;14:45
21.01.2013;461661;07:58;15:39
21.01.2013;445014;08:55;15:38
21.01.2013;557090;07:34;14:51
21.01.2013;877159;07:47;15:34
21.01.2013;272747;07:12;14:09
21.01.2013;786911;07:36;15:00
21.01.2013;784016;08:33;14:04
21.01.2013;541058;07:56;14:28
21.01.2013;893789;08:48;15:20
21.01.2013;227206;08:05;15:25
21.01.2013;649718;08:46;15:10
21.01.2013;492658;08:14;14:55
21.01.2013;292224;07:37;15:25
21.01.2013;859620;08:46;14:02
21.01.2013;186379;07:32;14:31
21.01.2013;732553;07:20;15:03
21.01.2013;714540;08:30;15:24
21.01.2013;211576;07:26;14:26
21.01.2013;855399;08:43;14:36
21.01.2013;633931;07:15;14:42
21.01.2013;444917;07:51;15:41
21.01.2013;623693;08:23;14:56
21.01.2013;479362;07:24;14:37
21.01.2013;297550;08:07;15:40
21.01.2013;642532;08:16;15:09
21.01.2013;753613;07:06;15:45
21.01.2013;486204;07:08;15:41
21.01.2013;131213;07:44;15:21
21.01.2013;813735;07:02;14:59
21.01.2013;907303;08:09;14:45
21.01.2013;931211;08:38;14:48
21.01.2013;653152;07:28;15:25
21.01.2013;354796;08:31;15:53
21.01.2013;153001;07:09;15:22
21.01.2013;969114;07:36;14:57
21.01.2013;444799;08:17;14:47
21.01.2013;594114;08:06;14:52
21.01.2013;445302;08:50;15:23
21.01.2013;792963;07:02;15:23
21.01.2013;112924;08:10;15:49
21.01.2013;906901;08:48;15:04
21.01.2013;254980;07:33;14:19
21.01.2013;615098;08:38;14:03
21.01.2013;939106;07:56;15:20
21.01.2013;589141;08:22;14:48
21.01.2013;286809;07:33;15:40
21.01.2013;305786;07:23;14:53
21.01.2013;173943;07:24;14:33
21.01.2013;844608;08:13;14:34
21.01.2013;765955;08:01;15:00
21.01.2013;686643;07:30;15:36
21.01.2013;263352;07:42;14:57
21.01.2013;574691;07:50;15:31
21.01.2013;845065;07:19;15:22
21.01.2013;989604;07:07;14:04
21.01.2013;885837;08:06;14:19
21.01.2013;794012;07:19;14:26
21.01.2013;274605;07:14;14:25
21.01.2013;528730;07:06;15:58
21.01.2013;406048;07:04;15:47
21.01.2013;211734;08:01;15:31
21.01.2013;453143;07:05;14:56
21.01.2013;393498;07:09;15:44
21.01.2013;309202;07:46;14:26
21.01.2013;169893;08:21;15:36
21.01.2013;261317;07:49;15:00
21.01.2013;710135;08:00;14:24
21.01.2013;972697;07:19;14:59
21.01.2013;102953;08:27;15:47
21.01.2013;237539;07:53;14:14
21.01.2013;558142;08:18;15:09
21.01.2013;435839;08:20;14:53
21.01.2013;847313;08:44;15:38
21.01.2013;926737;08:31;14:09
21.01.2013;444939;07:24;14:28
21.01.2013;678107;07:57;14:08
21.01.2013;910705;08:25;15:16
21.01.2013;185704;07:10;14:56
21.01.2013;791838;07:21;14:47
22.01.2013;696715;08:39;15:16
22.01.2013;386596;08:56;15:20
22.01.2013;536686;08:12;15:39
22.01.2013;158496;08:01;15:24
22.01.2013;812053;08:06;15:43
22.01.2013;152957;08:10;15:46
22.01.2013;305985;07:54;14:10
22.01.2013;864370;08:58;15:50
22.01.2013;238974;08:42;14:38
22.01.2013;535891;08:24;15:34
22.01.2013;529959;07:45;14:05
22.01.2013;427196;08:09;15:03
22.01.2013;272095;08:02;15:57
22.01.2013;969501;08:26;15:45
22.01.2013;197163;08:45;14:42
22.01.2013;406991;07:10;14:43
22.01.2013;521059;07:52;14:56
22.01.2013;305544;08:23;15:42
22.01.2013;833037;08:11;14:30
22.01.2013;865138;07:51;15:00
22.01.2013;461661;07:32;14:06
22.01.2013;445014;08:28;15:14
22.01.2013;557090;08:48;15:02
22.01.2013;877159;07:55;15:10
22.01.2013;272747;07:46;15:48
22.01.2013;786911;08:04;14:55
22.01.2013;784016;07:50;14:44
22.01.2013;541058;08:28;14:33
22.01.2013;893789;08:55;15:42
22.01.2013;227206;08:16;14:39
22.01.2013;649718;07:40;15:14
22.01.2013;492658;07:31;15:43
22.01.2013;292224;07:54;14:51
22.01.2013;859620;07:35;15:21
22.01.2013;186379;08:27;15:22
22.01.2013;732553;07:18;15:01
22.01.2013;714540;07:28;15:20
22.01.2013;211576;07:18;14:32
22.01.2013;855399;08:34;14:55
22.01.2013;633931;07:04;15:34
22.01.2013;623693;07:29;15:30
22.01.2013;479362;08:16;14:56
22.01.2013;297550;07:38;14:12
22.01.2013;642532;07:28;15:02
22.01.2013;753613;07:05;15:52
22.01.2013;486204;08:16;14:23
22.01.2013;131213;07:44;14:55
22.01.2013;813735;08:23;14:03
22.01.2013;907303;07:36;14:46
22.01.2013;931211;07:54;15:03
22.01.2013;653152;07:02;15:02
22.01.2013;354796;08:54;15:28
22.01.2013;153001;08:30;14:39
22.01.2013;969114;07:09;15:46
22.01.2013;957688;08:38;14:50
22.01.2013;444799;08:41;14:54
22.01.2013;594114;07:15;15:58
22.01.2013;445302;08:31;14:04
22.01.2013;792963;08:11;15:02
22.01.2013;112924;07:41;15:36
22.01.2013;906901;07:04;14:38
22.01.2013;254980;08:38;15:54
22.01.2013;615098;08:33;15:58
22.01.2013;939106;07:38;15:09
22.01.2013;589141;08:37;15:00
22.01.2013;286809;07:06;15:03
22.01.2013;305786;08:24;14:20
22.01.2013;173943;08:24;14:40
22.01.2013;844608;08:16;15:11
22.01.2013;765955;08:31;14:45
22.01.2013;686643;08:53;14:53
22.01.2013;263352;08:47;15:56
22.01.2013;574691;07:43;15:16
22.01.2013;845065;08:07;15:55
22.01.2013;989604;08:28;15:39
22.01.2013;885837;07:35;14:11
22.01.2013;794012;08:42;15:52
22.01.2013;274605;08:19;15:39
22.01.2013;528730;07:49;14:03
22.01.2013;406048;08:01;14:52
22.01.2013;211734;08:52;15:27
22.01.2013;453143;08:39;14:10
22.01.2013;393498;07:36;14:40
22.01.2013;309202;08:23;14:25
22.01.2013;169893;07:08;14:20
22.01.2013;261317;07:57;15:37
22.01.2013;710135;08:43;15:24
22.01.2013;972697;08:50;15:22
22.01.2013;102953;08:25;14:08
22.01.2013;237539;08:03;14:12
22.01.2013;558142;08:57;15:32
22.01.2013;435839;08:13;14:02
22.01.2013;847313;08:32;15:30
22.01.2013;926737;07:45;15:25
22.01.2013;444939;08:37;15:50
22.01.2013;678107;07:22;14:44
22.01.2013;910705;07:44;14:11
22.01.2013;185704;07:06;14:01
22.01.2013;791838;07:09;14:30
23.01.2013;696715;08:14;14:49
23.01.2013;386596;08:42;14:43
23.01.2013;536686;07:50;15:30
23.01.2013;158496;07:48;14:05
23.01.2013;812053;08:22;14:09
23.01.2013;152957;07:49;14:17
23.01.2013;305985;08:34;14:37
23.01.2013;864370;08:55;14:25
23.01.2013;238974;07:32;14:15
23.01.2013;535891;08:59;15:22
23.01.2013;529959;08:07;15:44
23.01.2013;427196;08:32;14:03
23.01.2013;272095;08:31;14:14
23.01.2013;969501;08:50;14:50
23.01.2013;197163;07:51;15:44
23.01.2013;406991;07:02;14:35
23.01.2013;521059;08:53;15:06
23.01.2013;305544;07:17;15:56
23.01.2013;833037;07:01;15:53
23.01.2013;865138;08:52;15:00
23.01.2013;461661;08:13;14:35
23.01.2013;445014;07:48;14:54
23.01.2013;557090;08:45;15:21
23.01.2013;877159;08:27;14:03
23.01.2013;272747;08:59;15:08
23.01.2013;786911;07:39;14:23
23.01.2013;784016;07:07;15:42
23.01.2013;541058;08:01;14:24
23.01.2013;893789;08:35;14:17
23.01.2013;227206;07:56;14:52
23.01.2013;649718;08:14;14:00
23.01.2013;492658;08:34;14:24
23.01.2013;292224;08:15;14:02
23.01.2013;859620;07:59;15:45
23.01.2013;186379;07:06;14:18
23.01.2013;732553;07:10;14:11
23.01.2013;714540;08:23;14:32
23.01.2013;211576;07:48;15:05
23.01.2013;855399;07:09;14:31
23.01.2013;633931;08:49;14:57
23.01.2013;444917;07:26;15:06
23.01.2013;623693;08:29;14:35
23.01.2013;479362;08:14;14:07
23.01.2013;297550;08:25;15:05
23.01.2013;642532;08:57;15:02
23.01.2013;753613;07:18;15:57
23.01.2013;486204;08:08;14:32
23.01.2013;131213;07:34;14:34
23.01.2013;813735;08:17;14:18
23.01.2013;907303;08:39;14:21
23.01.2013;931211;07:10;15:20
23.01.2013;653152;08:17;15:58
23.01.2013;354796;08:55;15:22
23.01.2013;153001;08:33;14:40
23.01.2013;969114;08:54;14:14
23.01.2013;957688;07:57;14:27
23.01.2013;444799;08:42;14:06
23.01.2013;594114;08:53;15:31
23.01.2013;445302;08:51;15:42
23.01.2013;792963;08:36;15:08
23.01.2013;112924;07:00;15:59
23.01.2013;906901;08:39;14:10
23.01.2013;254980;08:35;15:05
23.01.2013;615098;07:21;15:08
23.01.2013;939106;07:04;14:19
23.01.2013;589141;08:28;15:01
23.01.2013;286809;07:21;14:29
23.01.2013;305786;07:43;14:37
23.01.2013;173943;07:04;15:10
23.01.2013;844608;07:09;14:56
23.01.2013;765955;07:58;14:48
23.01.2013;686643;07:04;15:27
23.01.2013;263352;07:56;14:41
23.01.2013;574691;07:18;15:22
23.01.2013;845065;08:23;15:40
23.01.2013;989604;08:37;15:00
23.01.2013;885837;08:04;14:32
23.01.2013;794012;08:35;15:39
23.01.2013;274605;07:42;15:22
23.01.2013;528730;07:16;15:34
23.01.2013;406048;07:32;15:36
23.01.2013;211734;08:55;14:25
23.01.2013;453143;07:07;14:11
23.01.2013;393498;07:42;14:49
23.01.2013;309202;08:22;15:41
23.01.2013;169893;07:05;14:01
23.01.2013;261317;07:31;14:13
23.01.2013;710135;07:55;15:36
23.01.2013;972697;08:05;14:26
23.01.2013;102953;07:55;15:48
23.01.2013;237539;08:14;14:48
23.01.2013;558142;07:03;15:27
23.01.2013;435839;07:29;14:30
23.01.2013;847313;07:04;15:17
23.01.2013;926737;07:49;14:13
23.01.2013;444939;07:51;15:01
23.01.2013;678107;08:12;14:19
23.01.2013;910705;07:10;14:07
23.01.2013;185704;08:39;15:40
23.01.2013;791838;07:58;15:42
24.01.2013;696715;07:18;14:45
24.01.2013;386596;07:07;14:56
24.01.2013;536686;07:41;15:16
24.01.2013;812053;08:59;15:03
24.01.2013;152957;07:42;14:59
24.01.2013;864370;08:58;14:53
24.01.2013;238974;08:01;14:22
24.01.2013;535891;07:39;15:05
24.01.2013;529959;08:50;15:10
24.01.2013;427196;07:13;15:42
24.01.2013;272095;07:26;14:33
24.01.2013;969501;07:30;14:54
24.01.2013;197163;07:24;14:40
24.01.2013;406991;08:49;14:39
24.01.2013;521059;08:35;15:17
24.01.2013;305544;07:45;15:32
24.01.2013;833037;07:12;15:46
24.01.2013;865138;07:01;15:19
24.01.2013;461661;07:40;15:39
24.01.2013;445014;08:53;15:00
24.01.2013;557090;08:38;15:40
24.01.2013;877159;08:08;14:12
24.01.2013;272747;07:37;14:26
24.01.2013;786911;08:53;15:58
24.01.2013;784016;07:47;15:36
24.01.2013;541058;08:20;14:36
24.01.2013;893789;07:42;14:27
24.01.2013;227206;08:28;15:55
24.01.2013;649718;07:14;14:04
24.01.2013;492658;07:01;15:07
24.01.2013;292224;08:34;15:45
24.01.2013;859620;07:31;15:47
24.01.2013;186379;07:19;14:19
24.01.2013;732553;07:54;14:50
24.01.2013;714540;07:25;14:35
24.01.2013;211576;08:09;14:55
24.01.2013;855399;08:00;15:27
24.01.2013;633931;07:56;14:15
24.01.2013;444917;08:15;14:17
24.01.2013;623693;07:10;14:56
24.01.2013;479362;08:13;14:07
24.01.2013;297550;08:18;15:46
24.01.2013;642532;08:41;14:39
24.01.2013;753613;08:26;14:33
24.01.2013;486204;07:08;15:42
24.01.2013;131213;07:01;14:19
24.01.2013;813735;07:34;15:25
24.01.2013;907303;07:27;14:37
24.01.2013;931211;07:14;14:55
24.01.2013;653152;08:33;14:02
24.01.2013;354796;08:23;14:02
24.01.2013;153001;07:41;14:31
24.01.2013;969114;07:20;14:33
24.01.2013;957688;08:35;14:12
24.01.2013;444799;07:19;14:54
24.01.2013;594114;07:40;15:12
24.01.2013;445302;08:41;14:53
24.01.2013;792963;07:58;14:50
24.01.2013;112924;07:23;14:28
24.01.2013;906901;07:13;15:52
24.01.2013;254980;08:08;15:30
24.01.2013;615098;07:01;14:57
24.01.2013;939106;08:58;15:20
24.01.2013;589141;07:53;15:18
24.01.2013;286809;07:27;15:49
24.01.2013;305786;08:30;15:14
24.01.2013;173943;07:02;15:12
24.01.2013;844608;07:42;15:26
24.01.2013;765955;07:05;15:43
24.01.2013;686643;07:13;14:09
24.01.2013;263352;07:43;15:08
24.01.2013;574691;07:04;14:29
24.01.2013;845065;08:22;14:06
24.01.2013;989604;08:17;14:58
24.01.2013;885837;07:57;15:46
24.01.2013;794012;08:25;15:52
24.01.2013;274605;07:35;14:58
24.01.2013;528730;08:59;14:16
24.01.2013;406048;07:05;15:42
24.01.2013;211734;08:02;14:57
24.01.2013;453143;08:55;15:59
24.01.2013;393498;07:35;15:36
24.01.2013;309202;08:49;14:38
24.01.2013;169893;07:10;14:41
24.01.2013;261317;07:59;15:01
24.01.2013;710135;07:54;15:36
24.01.2013;972697;07:28;14:43
24.01.2013;102953;07:48;15:29
24.01.2013;237539;07:25;14:42
24.01.2013;558142;07:04;15:19
24.01.2013;435839;08:31;14:33
24.01.2013;847313;07:43;14:54
24.01.2013;926737;07:05;15:04
24.01.2013;444939;08:30;14:15
24.01.2013;678107;08:53;14:38
24.01.2013;910705;07:01;15:30
24.01.2013;185704;08:30;15:51
24.01.2013;791838;07:22;14:06
25.01.2013;696715;07:54;15:27
25.01.2013;386596;08:14;15:24
25.01.2013;536686;08:57;14:40
25.01.2013;158496;08:21;14:30
25.01.2013;812053;07:40;15:18
25.01.2013;152957;07:50;14:19
25.01.2013;305985;07:28;14:48
25.01.2013;864370;07:24;14:04
25.01.2013;238974;08:43;15:54
25.01.2013;535891;07:02;15:58
25.01.2013;529959;07:24;14:02
25.01.2013;427196;07:34;15:40
25.01.2013;272095;07:05;14:07
25.01.2013;969501;08:00;15:22
25.01.2013;197163;07:18;15:10
25.01.2013;406991;07:02;14:39
25.01.2013;521059;07:35;14:03
25.01.2013;305544;08:07;14:04
25.01.2013;833037;08:08;14:49
25.01.2013;865138;08:50;14:55
25.01.2013;461661;07:05;14:54
25.01.2013;445014;08:30;14:59
25.01.2013;557090;07:19;15:08
25.01.2013;877159;07:48;14:12
25.01.2013;272747;08:07;14:46
25.01.2013;786911;08:22;15:47
25.01.2013;784016;07:51;15:56
25.01.2013;541058;07:27;14:42
25.01.2013;893789;07:37;15:00
25.01.2013;227206;07:00;15:25
25.01.2013;649718;08:06;15:21
25.01.2013;492658;07:56;15:01
25.01.2013;292224;08:49;15:00
25.01.2013;859620;08:44;15:16
25.01.2013;186379;07:00;15:09
25.01.2013;732553;08:37;15:14
25.01.2013;714540;07:54;14:28
25.01.2013;211576;08:02;15:32
25.01.2013;855399;07:24;15:47
25.01.2013;633931;08:13;15:47
25.01.2013;444917;08:20;15:16
25.01.2013;623693;08:36;14:04
25.01.2013;479362;08:40;14:06
25.01.2013;297550;08:49;14:19
25.01.2013;642532;07:26;15:46
25.01.2013;753613;08:58;15:36
25.01.2013;131213;08:38;14:05
25.01.2013;813735;07:55;15:23
25.01.2013;907303;07:00;15:51
25.01.2013;931211;08:25;15:42
25.01.2013;653152;08:47;15:06
25.01.2013;354796;07:19;15:58
25.01.2013;153001;08:24;14:25
25.01.2013;969114;08:06;14:03
25.01.2013;957688;08:00;15:08
25.01.2013;444799;07:38;15:36
25.01.2013;594114;08:59;15:28
25.01.2013;445302;08:54;15:54
25.01.2013;792963;08:54;15:46
25.01.2013;112924;07:07;14:16
25.01.2013;906901;08:34;15:38
25.01.2013;254980;07:17;14:19
25.01.2013;615098;07:43;14:59
25.01.2013;939106;08:15;15:21
25.01.2013;589141;08:39;15:41
25.01.2013;286809;08:58;15:43
25.01.2013;305786;08:06;14:10
25.01.2013;173943;07:23;14:41
25.01.2013;844608;07:07;14:18
25.01.2013;765955;08:42;15:21
25.01.2013;686643;08:29;14:33
25.01.2013;263352;07:15;14:26
25.01.2013;574691;08:42;14:34
25.01.2013;845065;08:30;14:04
25.01.2013;989604;07:38;14:32
25.01.2013;885837;08:02;15:50
25.01.2013;794012;07:17;15:38
25.01.2013;274605;08:15;14:38
25.01.2013;528730;08:51;15:00
25.01.2013;406048;08:26;15:41
25.01.2013;211734;07:10;15:46
25.01.2013;453143;08:02;14:01
25.01.2013;393498;07:19;14:53
25.01.2013;309202;08:07;14:51
25.01.2013;169893;08:44;15:04
25.01.2013;261317;07:12;15:51
25.01.2013;710135;07:36;15:23
25.01.2013;972697;07:32;15:52
25.01.2013;102953;08:43;15:13
25.01.2013;237539;07:45;15:38
25.01.2013;558142;07:41;14:23
25.01.2013;435839;08:06;14:19
25.01.2013;847313;08:26;15:19
25.01.2013;926737;08:32;14:45
25.01.2013;444939;07:55;14:04
25.01.2013;910705;07:09;15:22
25.01.2013;185704;08:44;14:46
25.01.2013;791838;08:06;14:51
26.01.2013;696715;07:05;14:13
26.01.2013;386596;08:41;14:15
26.01.2013;536686;08:44;15:57
26.01.2013;158496;07:42;15:45
26.01.2013;812053;07:33;15:17
26.01.2013;152957;08:31;14:07
26.01.2013;305985;07:11;15:02
26.01.2013;864370;07:32;14:13
26.01.2013;238974;08:01;15:59
26.01.2013;535891;07:32;15:43
26.01.2013;529959;08:09;14:55
26.01.2013;427196;08:49;14:27
26.01.2013;969501;07:11;15:23
26.01.2013;197163;08:40;15:34
26.01.2013;406991;07:21;15:55
26.01.2013;521059;08:32;14:08
26.01.2013;305544;08:00;14:42
26.01.2013;833037;08:40;14:19
26.01.2013;865138;07:19;14:51
26.01.2013;461661;08:48;15:16
26.01.2013;445014;08:26;14:45
26.01.2013;557090;07:22;14:50
26.01.2013;877159;07:05;15:02
26.01.2013;272747;07:42;15:42
26.01.2013;786911;08:40;15:05
26.01.2013;784016;08:08;15:48
26.01.2013;541058;08:51;14:39
26.01.2013;893789;08:10;14:50
26.01.2013;227206;07:41;14:35
26.01.2013;649718;08:24;15:20
26.01.2013;492658;07:58;15:26
26.01.2013;292224;08:04;15:03
26.01.2013;859620;08:17;14:45
26.01.2013;186379;08:16;14:50
26.01.2013;732553;08:30;14:52
26.01.2013;714540;07:00;15:54
26.01.2013;211576;08:25;14:25
26.01.2013;855399;08:45;14:51
26.01.2013;633931;07:31;15:07
26.01.2013;444917;07:20;14:46
26.01.2013;623693;07:33;14:10
26.01.2013;479362;08:02;14:15
26.01.2013;297550;08:29;15:33
26.01.2013;642532;08:41;15:49
26.01.2013;753613;08:13;14:22
26.01.2013;486204;07:30;15:00
26.01.2013;131213;08:40;15:51
26.01.2013;813735;07:27;14:59
26.01.2013;907303;07:30;15:09
26.01.2013;931211;08:40;14:45
26.01.2013;653152;08:00;14:09
26.01.2013;354796;07:23;14:06
26.01.2013;153001;07:26;14:06
26.01.2013;969114;08:01;15:58
26.01.2013;957688;08:51;15:29
26.01.2013;444799;08:22;14:43
26.01.2013;594114;07:44;15:22
26.01.2013;445302;08:45;14:41
26.01.2013;792963;07:53;14:05
26.01.2013;112924;07:34;14:21
26.01.2013;906901;08:41;14:57
26.01.2013;254980;08:05;14:43
26.01.2013;615098;08:12;15:23
26.01.2013;939106;08:55;15:07
26.01.2013;589141;07:36;15:15
26.01.2013;286809;07:05;14:02
26.01.2013;305786;07:17;14:45
26.01.2013;173943;08:47;15:56
26.01.2013;844608;08:03;14:41
26.01.2013;765955;08:44;15:57
26.01.2013;686643;07:51;15:27
26.01.2013;263352;07:03;14:07
26.01.2013;574691;07:30;14:07
26.01.2013;845065;07:18;15:10
26.01.2013;989604;07:19;14:14
26.01.2013;885837;08:22;15:22
26.01.2013;794012;07:30;15:11
26.01.2013;274605;08:38;15:46
26.01.2013;528730;08:13;15:07
26.01.2013;406048;07:10;14:36
26.01.2013;211734;08:02;14:19
26.01.2013;453143;08:13;15:17
26.01.2013;393498;08:57;14:04
26.01.2013;309202;08:17;15:25
26.01.2013;169893;08:08;15:18
26.01.2013;710135;08:57;15:38
26.01.2013;972697;07:27;14:51
26.01.2013;102953;07:07;14:35
26.01.2013;237539;07:21;14:47
26.01.2013;558142;08:47;15:11
26.01.2013;435839;07:18;15:41
26.01.2013;847313;08:57;14:27
26.01.2013;926737;07:25;15:50
26.01.2013;444939;08:17;15:35
26.01.2013;678107;08:07;15:52
26.01.2013;910705;07:13;14:58
26.01.2013;185704;07:51;15:23
26.01.2013;791838;08:02;14:03
27.01.2013;696715;07:40;14:55
27.01.2013;386596;07:47;15:07
27.01.2013;536686;07:56;15:37
27.01.2013;158496;07:49;15:37
27.01.2013;812053;07:45;14:57
27.01.2013;152957;07:00;15:57
27.01.2013;305985;08:09;14:43
27.01.2013;864370;08:05;15:33
27.01.2013;238974;08:37;14:12
27.01.2013;535891;07:45;14:42
27.01.2013;529959;07:40;14:28
27.01.2013;427196;07:03;15:47
27.01.2013;272095;08:25;14:49
27.01.2013;969501;08:37;14:29
27.01.2013;197163;07:13;15:17
27.01.2013;406991;07:43;15:52
27.01.2013;521059;07:39;15:46
27.01.2013;305544;08:26;15:07
27.01.2013;833037;08:06;15:54
27.01.2013;865138;08:51;14:49
27.01.2013;461661;07:18;15:18
27.01.2013;445014;08:10;15:04
27.01.2013;557090;08:36;15:47
27.01.2013;877159;07:43;15:04
27.01.2013;272747;07:59;15:54
27.01.2013;786911;07:15;14:56
27.01.2013;784016;07:06;15:13
27.01.2013;541058;07:19;15:54
27.01.2013;893789;08:47;15:51
27.01.2013;227206;07:54;15:34
27.01.2013;649718;07:30;14:57
27.01.2013;492658;08:29;15:41
27.01.2013;292224;08:33;15:49
27.01.2013;859620;07:10;14:16
27.01.2013;186379;08:26;15:18
27.01.2013;732553;07:56;15:36
27.01.2013;211576;08:42;14:32
27.01.2013;855399;07:09;15:05
27.01.2013;633931;07:56;15:48
27.01.2013;444917;08:31;15:02
27.01.2013;623693;08:32;14:00
27.01.2013;479362;08:11;15:50
27.01.2013;297550;08:36;15:46
27.01.2013;642532;07:31;14:45
27.01.2013;753613;07:06;15:53
27.01.2013;486204;07:09;14:51
27.01.2013;131213;07:23;15:16
27.01.2013;813735;07:43;15:21
27.01.2013;907303;07:06;14:54
27.01.2013;931211;08:50;15:03
27.01.2013;653152;07:34;15:45
27.01.2013;354796;08:32;14:58
27.01.2013;153001;08:17;15:39
27.01.2013;969114;07:34;15:20
27.01.2013;957688;08:34;15:03
27.01.2013;444799;08:36;15:43
27.01.2013;594114;07:23;14:24
27.01.2013;445302;07:19;15:58
27.01.2013;792963;08:59;15:56
27.01.2013;112924;08:27;15:25
27.01.2013;906901;07:59;14:36
27.01.2013;254980;08:02;15:23
27.01.2013;615098;07:30;15:23
27.01.2013;939106;08:39;15:54
27.01.2013;589141;08:31;15:56
27.01.2013;286809;08:53;14:10
27.01.2013;305786;07:06;14:19
27.01.2013;173943;08:44;14:19
27.01.2013;844608;08:34;15:35
27.01.2013;765955;07:12;14:15
27.01.2013;686643;08:22;15:05
27.01.2013;263352;08:23;15:27
27.01.2013;574691;07:25;14:17
27.01.2013;845065;07:46;15:17
27.01.2013;989604;07:16;15:23
27.01.2013;885837;07:39;14:26
27.01.2013;794012;08:49;14:58
27.01.2013;274605;07:36;14:26
27.01.2013;528730;08:05;15:16
27.01.2013;406048;08:55;14:47
27.01.2013;211734;07:52;14:56
27.01.2013;453143;08:27;14:36
27.01.2013;393498;08:45;14:25
27.01.2013;309202;08:35;15:31
27.01.2013;169893;07:20;14:06
27.01.2013;261317;08:03;15:47
27.01.2013;710135;08:48;14:52
27.01.2013;972697;07:19;15:39
27.01.2013;102953;07:02;14:36
27.01.2013;237539;07:42;15:55
27.01.2013;558142;08:08;14:27
27.01.2013;435839;08:30;15:15
27.01.2013;847313;08:47;14:29
27.01.2013;926737;08:08;15:42
27.01.2013;444939;07:51;15:41
27.01.2013;678107;07:04;14:59
27.01.2013;910705;08:16;15:52
27.01.2013;185704;08:01;15:14
27.01.2013;791838;07:53;15:15
28.01.2013;696715;07:39;14:20
28.01.2013;386596;07:56;15:31
28.01.2013;536686;07:34;15:52
28.01.2013;158496;07:20;15:58
28.01.2013;812053;07:13;15:45
28.01.2013;152957;07:22;15:12
28.01.2013;305985;07:33;14:47
28.01.2013;864370;08:55;15:32
28.01.2013;238974;08:58;15:31
28.01.2013;535891;08:36;15:27
28.01.2013;529959;07:33;14:45
28.01.2013;427196;07:42;15:14
28.01.2013;272095;08:04;15:53
28.01.2013;969501;08:50;15:08
28.01.2013;197163;08:41;14:08
28.01.2013;406991;08:12;15:28
28.01.2013;521059;07:56;14:15
28.01.2013;305544;08:48;14:56
28.01.2013;833037;07:33;15:37
28.01.2013;865138;07:59;15:19
28.01.2013;461661;07:46;14:21
28.01.2013;445014;07:46;15:15
28.01.2013;557090;08:19;14:55
28.01.2013;877159;08:50;14:11
28.01.2013;272747;07:06;14:08
28.01.2013;786911;07:00;15:28
28.01.2013;784016;07:15;15:52
28.01.2013;541058;07:59;14:46
28.01.2013;893789;07:34;15:21
28.01.2013;227206;08:29;14:18
28.01.2013;649718;08:59;15:49
28.01.2013;492658;07:09;14:58
28.01.2013;292224;08:20;15:10
28.01.2013;859620;08:11;14:19
28.01.2013;186379;07:55;15:20
28.01.2013;732553;08:16;14:26
28.01.2013;714540;07:19;15:04
28.01.2013;211576;07:51;14:44
28.01.2013;855399;08:44;14:00
28.01.2013;633931;07:23;14:12
28.01.2013;444917;07:13;14:31
28.01.2013;623693;07:10;15:42
28.01.2013;479362;07:32;14:34
28.01.2013;297550;07:44;15:11
28.01.2013;642532;07:42;15:32
28.01.2013;753613;07:19;15:41
28.01.2013;486204;08:31;14:04
28.01.2013;131213;08:00;14:41
28.01.2013;813735;07:33;15:20
28.01.2013;907303;08:33;14:18
28.01.2013;931211;07:45;14:53
28.01.2013;653152;07:30;14:00
28.01.2013;354796;08:41;14:40
28.01.2013;153001;08:59;15:45
28.01.2013;969114;07:48;15:54
28.01.2013;957688;07:56;14:48
28.01.2013;444799;07:42;14:51
28.01.2013;594114;08:05;15:55
28.01.2013;445302;07:43;15:35
28.01.2013;792963;07:01;15:13
28.01.2013;112924;08:22;14:21
28.01.2013;906901;07:03;14:08
28.01.2013;254980;07:14;14:13
28.01.2013;615098;08:33;15:01
28.01.2013;939106;08:23;14:59
28.01.2013;589141;08:27;15:29
28.01.2013;286809;08:40;14:53
28.01.2013;305786;07:15;14:52
28.01.2013;173943;08:16;15:06
28.01.2013;844608;08:27;15:40
28.01.2013;765955;08:49;15:42
28.01.2013;686643;07:37;14:53
28.01.2013;263352;07:44;14:52
28.01.2013;574691;07:54;14:56
28.01.2013;845065;08:43;14:03
28.01.2013;989604;08:17;15:22
28.01.2013;885837;08:46;14:27
28.01.2013;794012;07:17;15:29
28.01.2013;274605;08:14;15:12
28.01.2013;528730;08:25;14:30
28.01.2013;406048;08:52;14:45
28.01.2013;211734;08:32;15:26
28.01.2013;453143;07:17;14:31
28.01.2013;393498;07:51;15:53
28.01.2013;309202;08:43;14:45
28.01.2013;169893;07:21;14:55
28.01.2013;261317;07:44;15:31
28.01.2013;710135;07:13;15:41
28.01.2013;972697;08:41;14:05
28.01.2013;102953;08:30;15:02
28.01.2013;237539;08:39;14:13
28.01.2013;558142;07:15;14:51
28.01.2013;435839;08:56;15:17
28.01.2013;847313;08:16;15:17
28.01.2013;926737;08:57;14:24
28.01.2013;444939;07:42;14:53
28.01.2013;678107;08:28;14:24
28.01.2013;910705;08:18;14:32
28.01.2013;185704;08:43;15:16
28.01.2013;791838;08:08;15:48
29.01.2013;696715;07:52;14:41
29.01.2013;386596;08:00;14:09
29.01.2013;536686;07:31;15:23
29.01.2013;158496;08:09;15:56
29.01.2013;812053;07:13;15:55
29.01.2013;152957;07:00;15:02
29.01.2013;305985;08:14;15:21
29.01.2013;864370;07:18;15:14
29.01.2013;238974;08:38;14:10
29.01.2013;535891;07:24;14:59
29.01.2013;529959;07:56;15:13
29.01.2013;427196;08:49;15:03
29.01.2013;272095;08:38;14:52
29.01.2013;969501;08:33;15:31
29.01.2013;197163;08:20;15:12
29.01.2013;406991;07:27;15:20
29.01.2013;521059;08:13;14:47
29.01.2013;305544;07:47;15:59
29.01.2013;833037;07:29;15:32
29.01.2013;865138;08:03;15:55
29.01.2013;461661;07:56;14:32
29.01.2013;445014;07:11;14:01
29.01.2013;557090;08:37;15:50
29.01.2013;877159;07:00;14:29
29.01.2013;272747;08:45;15:08
29.01.2013;786911;07:39;15:28
29.01.2013;541058;08:28;14:13
29.01.2013;893789;08:37;14:54
29.01.2013;227206;07:26;15:59
29.01.2013;649718;08:56;15:30
29.01.2013;492658;08:33;14:36
29.01.2013;292224;07:07;14:10
29.01.2013;859620;07:07;14:58
29.01.2013;186379;08:12;15:00
29.01.2013;732553;08:45;15:30
29.01.2013;714540;08:04;15:33
29.01.2013;211576;07:37;15:43
29.01.2013;855399;07:52;15:33
29.01.2013;633931;08:02;15:03
29.01.2013;444917;08:59;14:27
29.01.2013;623693;07:36;15:44
29.01.2013;479362;08:28;14:37
29.01.2013;297550;07:44;14:58
29.01.2013;642532;07:34;15:57
29.01.2013;753613;08:28;15:47
29.01.2013;486204;07:09;14:31
29.01.2013;131213;07:51;14:36
29.01.2013;813735;07:34;14:40
29.01.2013;907303;08:33;15:35
29.01.2013;931211;07:00;15:59
29.01.2013;653152;08:40;15:18
29.01.2013;354796;07:15;14:57
29.01.2013;153001;07:24;15:50
29.01.2013;969114;07:01;15:51
29.01.2013;444799;08:29;14:09
29.01.2013;594114;08:39;14:34
29.01.2013;445302;07:38;14:29
29.01.2013;792963;07:20;15:29
29.01.2013;906901;08:55;15:36
29.01.2013;254980;07:28;14:21
29.01.2013;615098;08:58;14:25
29.01.2013;939106;07:03;14:58
29.01.2013;589141;07:42;14:47
29.01.2013;286809;08:57;15:03
29.01.2013;305786;07:17;14:19
29.01.2013;173943;08:52;15:37
29.01.2013;844608;07:32;14:44
29.01.2013;765955;07:47;15:28
29.01.2013;686643;08:29;14:04
29.01.2013;263352;07:15;15:34
29.01.2013;574691;07:57;14:14
29.01.2013;845065;07:52;14:18
29.01.2013;989604;07:16;15:18
29.01.2013;885837;07:10;14:01
29.01.2013;794012;07:40;14:58
29.01.2013;274605;07:13;15:12
29.01.2013;528730;07:23;14:36
29.01.2013;406048;07:11;15:20
29.01.2013;211734;07:14;15:46
29.01.2013;453143;08:25;15:11
29.01.2013;393498;08:36;14:43
29.01.2013;309202;07:11;14:19
29.01.2013;169893;08:53;14:37
29.01.2013;261317;07:20;15:46
29.01.2013;710135;07:45;14:37
29.01.2013;972697;07:26;14:34
29.01.2013;102953;07:21;15:59
29.01.2013;237539;08:05;15:19
29.01.2013;558142;08:31;14:40
29.01.2013;435839;07:08;14:56
29.01.2013;926737;07:19;15:27
29.01.2013;444939;08:56;14:39
29.01.2013;678107;07:36;15:28
29.01.2013;910705;07:29;15:04
29.01.2013;185704;07:01;14:24
29.01.2013;791838;08:05;14:06
30.01.2013;696715;07:46;14:02
30.01.2013;386596;08:52;14:31
30.01.2013;536686;08:54;14:28
30.01.2013;158496;07:02;15:36
30.01.2013;812053;07:38;15:47
30.01.2013;152957;08:15;15:47
30.01.2013;305985;08:45;14:53
30.01.2013;864370;07:18;15:59
30.01.2013;238974;07:34;14:01
30.01.2013;535891;07:17;14:47
30.01.2013;529959;07:50;15:56
30.01.2013;427196;07:01;15:38
30.01.2013;272095;08:58;15:31
30.01.2013;969501;07:08;15:46
30.01.2013;197163;08:16;15:56
30.01.2013;406991;07:39;15:19
30.01.2013;521059;07:37;15:29
30.01.2013;305544;07:38;15:11
30.01.2013;833037;08:57;15:43
30.01.2013;865138;07:03;14:05
30.01.2013;461661;07:21;15:04
30.01.2013;445014;07:31;14:43
30.01.2013;557090;08:47;14:41
30.01.2013;877159;08:53;14:43
30.01.2013;272747;07:05;15:48
30.01.2013;786911;07:33;15:15
30.01.2013;784016;08:39;14:15
30.01.2013;541058;07:09;15:32
30.01.2013;893789;08:10;14:58
30.01.2013;227206;07:37;15:06
30.01.2013;649718;08:52;15:36
30.01.2013;492658;07:11;15:29
30.01.2013;292224;07:53;15:36
30.01.2013;859620;08:54;15:32
30.01.2013;186379;08:38;14:55
30.01.2013;732553;07:56;15:02
30.01.2013;714540;07:21;14:46
30.01.2013;211576;07:15;15:54
30.01.2013;855399;07:22;15:03
30.01.2013;633931;08:22;15:41
30.01.2013;444917;07:40;14:22
30.01.2013;623693;07:47;14:57
30.01.2013;479362;08:54;15:05
30.01.2013;297550;07:18;15:08
30.01.2013;642532;07:15;15:48
30.01.2013;753613;07:07;14:57
30.01.2013;486204;07:24;14:54
30.01.2013;131213;07:35;15:50
30.01.2013;813735;08:25;15:07
30.01.2013;907303;08:51;14:28
30.01.2013;931211;08:09;14:23
30.01.2013;653152;08:23;14:34
30.01.2013;354796;07:31;15:50
30.01.2013;153001;08:38;14:57
30.01.2013;969114;07:53;14:19
30.01.2013;957688;08:32;14:04
30.01.2013;444799;08:27;15:16
30.01.2013;594114;08:06;15:27
30.01.2013;445302;08:31;15:34
30.01.2013;792963;07:36;14:39
30.01.2013;112924;08:02;14:04
30.01.2013;906901;07:19;15:14
30.01.2013;254980;07:43;14:09
30.01.2013;615098;07:38;14:50
30.01.2013;939106;08:22;14:32
30.01.2013;589141;08:32;15:18
30.01.2013;286809;08:04;14:24
30.01.2013;305786;07:15;15:43
30.01.2013;844608;07:29;15:53
30.01.2013;765955;08:09;14:06
30.01.2013;686643;08:36;14:19
30.01.2013;263352;08:08;15:27
30.01.2013;574691;07:39;14:18
30.01.2013;845065;07:04;15:51
30.01.2013;989604;08:11;14:01
30.01.2013;885837;07:58;14:55
30.01.2013;794012;07:17;14:47
30.01.2013;274605;07:24;15:19
30.01.2013;528730;07:48;14:27
30.01.2013;406048;08:05;15:32
30.01.2013;211734;08:52;14:55
30.01.2013;393498;07:47;15:47
30.01.2013;309202;07:32;14:14
30.01.2013;169893;07:35;15:26
30.01.2013;261317;07:29;14:04
30.01.2013;710135;07:01;14:05
30.01.2013;972697;08:34;15:30
30.01.2013;102953;08:32;14:43
30.01.2013;237539;07:48;15:26
30.01.2013;435839;07:14;15:42
30.01.2013;847313;07:57;14:30
30.01.2013;926737;08:48;15:57
30.01.2013;444939;07:33;14:37
30.01.2013;678107;07:43;15:06
30.01.2013;910705;07:25;15:40
30.01.2013;185704;08:54;15:13
30.01.2013;791838;07:43;15:54
31.01.2013;696715;08:16;14:23
31.01.2013;386596;08:37;15:38
31.01.2013;536686;08:53;14:58
31.01.2013;812053;08:09;15:00
31.01.2013;152957;08:32;14:12
31.01.2013;305985;07:05;14:44
31.01.2013;864370;08:21;15:17
31.01.2013;238974;08:41;14:20
31.01.2013;535891;08:56;14:14
31.01.2013;529959;07:44;15:03
31.01.2013;427196;08:28;14:53
31.01.2013;272095;07:27;15:42
31.01.2013;969501;07:53;15:52
31.01.2013;197163;07:49;14:26
31.01.2013;406991;07:24;14:58
31.01.2013;521059;08:37;14:33
31.01.2013;305544;07:42;14:19
31.01.2013;833037;07:03;14:58
31.01.2013;865138;08:15;15:16
31.01.2013;461661;08:20;14:21
31.01.2013;445014;07:52;14:24
31.01.2013;557090;07:23;15:09
31.01.2013;877159;08:22;15:09
31.01.2013;272747;08:34;14:04
31.01.2013;786911;07:36;15:10
31.01.2013;784016;07:41;14:54
31.01.2013;541058;07:23;14:51
31.01.2013;893789;07:29;14:11
31.01.2013;227206;07:31;15:32
31.01.2013;649718;07:32;15:21
31.01.2013;492658;07:57;15:53
31.01.2013;292224;07:31;14:08
31.01.2013;859620;08:06;14:22
31.01.2013;186379;08:39;14:00
31.01.2013;732553;08:42;15:39
31.01.2013;714540;07:20;15:07
31.01.2013;211576;07:51;14:49
31.01.2013;855399;08:20;15:18
31.01.2013;633931;08:06;15:47
31.01.2013;444917;07:51;14:56
31.01.2013;623693;08:46;14:45
31.01.2013;479362;08:11;15:04
31.01.2013;297550;07:44;15:22
31.01.2013;642532;07:36;15:42
31.01.2013;486204;07:35;15:53
31.01.2013;131213;07:43;14:24
31.01.2013;813735;08:47;15:49
31.01.2013;907303;08:46;14:32
31.01.2013;931211;08:10;15:48
31.01.2013;653152;07:14;14:38
31.01.2013;354796;08:55;15:51
31.01.2013;153001;07:54;15:06
31.01.2013;969114;08:46;15:27
31.01.2013;957688;08:29;15:24
31.01.2013;444799;07:31;15:09
31.01.2013;594114;07:14;14:37
31.01.2013;445302;07:41;14:40
31.01.2013;792963;07:14;15:21
31.01.2013;112924;07:14;15:19
31.01.2013;906901;07:46;15:35
31.01.2013;254980;08:26;14:24
31.01.2013;615098;08:27;15:17
31.01.2013;939106;08:23;14:09
31.01.2013;589141;08:07;14:37
31.01.2013;286809;08:30;14:02
31.01.2013;305786;08:21;15:23
31.01.2013;173943;07:51;14:36
31.01.2013;844608;08:17;15:25
31.01.2013;765955;07:39;14:13
31.01.2013;686643;07:35;15:29
31.01.2013;263352;08:09;14:04
31.01.2013;574691;07:19;15:34
31.01.2013;845065;07:17;15:49
31.01.2013;989604;07:49;14:51
31.01.2013;885837;07:45;15:02
31.01.2013;794012;08:45;15:58
31.01.2013;528730;07:50;15:33
31.01.2013;406048;07:11;15:27
31.01.2013;211734;08:06;14:59
31.01.2013;453143;07:25;15:27
31.01.2013;393498;07:16;15:39
31.01.2013;309202;07:22;15:28
31.01.2013;169893;08:27;14:33
31.01.2013;261317;07:26;15:05
31.01.2013;710135;08:46;14:43
31.01.2013;972697;08:45;14:12
31.01.2013;102953;08:24;14:32
31.01.2013;237539;08:47;14:22
31.01.2013;558142;07:49;15:40
31.01.2013;435839;08:24;14:58
31.01.2013;847313;07:00;15:28
31.01.2013;926737;07:03;14:52
31.01.2013;444939;08:33;15:44
31.01.2013;910705;08:09;14:39
31.01.2013;185704;07:45;15:12
31.01.2013;791838;08:42;14:51
